filename,source,point_size
PR-BROADSIDES-A-00077-00004-000-00001_500dpi full edited_line_12_pos_2_ILC r.png,Baskerville,20_Double_Pica
PR-BROADSIDES-A-00077-00004-000-00001_500dpi full edited_line_25_pos_20_ILC r.png,Baskerville,40_Two-line_Double_Pica
PR-BROADSIDES-A-00077-00004-000-00001_500dpi full edited_line_29_pos_10_ILC r.png,Baskerville,20_Double_Pica
PR-BROADSIDES-A-00077-00004-000-00001_500dpi full edited_line_29_pos_15_ILC r.png,Baskerville,20_Double_Pica
PR-BROADSIDES-A-00077-00004-000-00001_500dpi full edited_line_29_pos_19_ILC r.png,Baskerville,20_Double_Pica
PR-BROADSIDES-A-00077-00004-000-00001_500dpi full edited_line_44_pos_21_ILC r.png,Baskerville,28_Two-line_English
PR-BROADSIDES-A-00077-00004-000-00001_500dpi full edited_line_44_pos_41_ILC r.png,Baskerville,28_Two-line_English
PR-BROADSIDES-A-00077-00004-000-00002_500dpi_1sthalf_line_14_pos_58_ILC r.png,Baskerville,20_Double_Pica
PR-BROADSIDES-A-00077-00004-000-00002_500dpi_1sthalf_line_19_pos_11_ILC r.png,Baskerville,16_Great_Primer
PR-BROADSIDES-A-00077-00004-000-00002_500dpi_1sthalf_line_19_pos_2_ILC r.png,Baskerville,16_Great_Primer
PR-BROADSIDES-A-00077-00004-000-00002_500dpi_1sthalf_line_22_pos_46_ILC r.png,Baskerville,16_Great_Primer
PR-BROADSIDES-A-00077-00004-000-00002_500dpi_1sthalf_line_24_pos_42_ILC r.png,Baskerville,16_Great_Primer
PR-BROADSIDES-A-00077-00004-000-00002_500dpi_1sthalf_line_25_pos_51_ILC r.png,Baskerville,16_Great_Primer
PR-BROADSIDES-A-00077-00004-000-00002_500dpi_1sthalf_line_25_pos_58_ILC r.png,Baskerville,16_Great_Primer
PR-BROADSIDES-A-00077-00004-000-00002_500dpi_1sthalf_line_27_pos_47_ILC r.png,Baskerville,16_Great_Primer
PR-BROADSIDES-A-00077-00004-000-00002_500dpi_1sthalf_line_27_pos_52_ILC r.png,Baskerville,16_Great_Primer
PR-BROADSIDES-A-00077-00004-000-00002_500dpi_1sthalf_line_27_pos_53_ILC r.png,Baskerville,16_Great_Primer
PR-BROADSIDES-A-00077-00004-000-00002_500dpi_1sthalf_line_33_pos_47_ILC r.png,Baskerville,14_English
PR-BROADSIDES-A-00077-00004-000-00002_500dpi_1sthalf_line_35_pos_37_ILC r.png,Baskerville,14_English
PR-BROADSIDES-A-00077-00004-000-00002_500dpi_1sthalf_line_36_pos_39_ILC r.png,Baskerville,14_English
PR-BROADSIDES-A-00077-00004-000-00002_500dpi_1sthalf_line_36_pos_47_ILC r.png,Baskerville,14_English
PR-BROADSIDES-A-00077-00004-000-00002_500dpi_1sthalf_line_36_pos_75_ILC r.png,Baskerville,14_English
PR-BROADSIDES-A-00077-00004-000-00002_500dpi_1sthalf_line_36_pos_80_ILC r.png,Baskerville,14_English
PR-BROADSIDES-A-00077-00004-000-00002_500dpi_1sthalf_line_36_pos_81_ILC r.png,Baskerville,14_English
PR-BROADSIDES-A-00077-00004-000-00002_500dpi_1sthalf_line_37_pos_60_ILC r.png,Baskerville,14_English
PR-BROADSIDES-A-00077-00004-000-00002_500dpi_1sthalf_line_41_pos_52_ILC r.png,Baskerville,12_Pica
PR-BROADSIDES-A-00077-00004-000-00002_500dpi_1sthalf_line_41_pos_70_ILC r.png,Baskerville,12_Pica
PR-BROADSIDES-A-00077-00004-000-00002_500dpi_1sthalf_line_43_pos_77_ILC r.png,Baskerville,12_Pica
PR-BROADSIDES-A-00077-00004-000-00002_500dpi_1sthalf_line_43_pos_84_ILC r.png,Baskerville,12_Pica
PR-BROADSIDES-A-00077-00004-000-00002_500dpi_1sthalf_line_46_pos_14_ILC r.png,Baskerville,12_Pica
PR-BROADSIDES-A-00077-00004-000-00002_500dpi_1sthalf_line_46_pos_15_ILC r.png,Baskerville,12_Pica
PR-BROADSIDES-A-00077-00004-000-00002_500dpi_1sthalf_line_46_pos_9_ILC r.png,Baskerville,12_Pica
PR-BROADSIDES-A-00077-00004-000-00002_500dpi_1sthalf_line_48_pos_56_ILC r.png,Baskerville,12_Pica
PR-BROADSIDES-A-00077-00004-000-00002_500dpi_1sthalf_line_48_pos_90_ILC r.png,Baskerville,12_Pica
PR-BROADSIDES-A-00077-00004-000-00002_500dpi_1sthalf_line_49_pos_54_ILC r.png,Baskerville,12_Pica
PR-BROADSIDES-A-00077-00004-000-00002_500dpi_1sthalf_line_49_pos_59_ILC r.png,Baskerville,12_Pica
PR-BROADSIDES-A-00077-00004-000-00002_500dpi_1sthalf_line_49_pos_91_ILC r.png,Baskerville,12_Pica
PR-BROADSIDES-A-00077-00004-000-00002_500dpi_1sthalf_line_9_pos_15_ILC r.png,Baskerville,20_Double_Pica
PR-BROADSIDES-A-00077-00004-000-00002_500dpi_2ndhalf_line_102_pos_106_ILC r.png,Baskerville,08.5_Burgeois
PR-BROADSIDES-A-00077-00004-000-00002_500dpi_2ndhalf_line_102_pos_92_ILC r.png,Baskerville,08.5_Burgeois
PR-BROADSIDES-A-00077-00004-000-00002_500dpi_2ndhalf_line_109_pos_1_ILC r.png,Baskerville,08_Brevier
PR-BROADSIDES-A-00077-00004-000-00002_500dpi_2ndhalf_line_109_pos_7_ILC r.png,Baskerville,08_Brevier
PR-BROADSIDES-A-00077-00004-000-00002_500dpi_2ndhalf_line_113_pos_65_ILC r.png,Baskerville,08_Brevier
PR-BROADSIDES-A-00077-00004-000-00002_500dpi_2ndhalf_line_120_pos_16_ILC r.png,Baskerville,08_Brevier
PR-BROADSIDES-A-00077-00004-000-00002_500dpi_2ndhalf_line_120_pos_60_ILC r.png,Baskerville,08_Brevier
PR-BROADSIDES-A-00077-00004-000-00002_500dpi_2ndhalf_line_124_pos_37_ILC r.png,Baskerville,08_Brevier
PR-BROADSIDES-A-00077-00004-000-00002_500dpi_2ndhalf_line_124_pos_64_ILC r.png,Baskerville,08_Brevier
PR-BROADSIDES-A-00077-00004-000-00002_500dpi_2ndhalf_line_124_pos_78_ILC r.png,Baskerville,08_Brevier
PR-BROADSIDES-A-00077-00004-000-00002_500dpi_2ndhalf_line_127_pos_29_ILC r.png,Baskerville,08_Brevier
PR-BROADSIDES-A-00077-00004-000-00002_500dpi_2ndhalf_line_127_pos_34_ILC r.png,Baskerville,08_Brevier
PR-BROADSIDES-A-00077-00004-000-00002_500dpi_2ndhalf_line_127_pos_75_ILC r.png,Baskerville,08_Brevier
PR-BROADSIDES-A-00077-00004-000-00002_500dpi_2ndhalf_line_127_pos_81_ILC r.png,Baskerville,08_Brevier
PR-BROADSIDES-A-00077-00004-000-00002_500dpi_2ndhalf_line_132_pos_123_ILC r.png,Baskerville,08_Brevier
PR-BROADSIDES-A-00077-00004-000-00002_500dpi_2ndhalf_line_132_pos_130_ILC r.png,Baskerville,08_Brevier
PR-BROADSIDES-A-00077-00004-000-00002_500dpi_2ndhalf_line_139_pos_87_ILC r.png,Baskerville,06_Nonpareil
PR-BROADSIDES-A-00077-00004-000-00002_500dpi_2ndhalf_line_144_pos_40_ILC r.png,Baskerville,06_Nonpareil
PR-BROADSIDES-A-00077-00004-000-00002_500dpi_2ndhalf_line_147_pos_107_ILC r.png,Baskerville,06_Nonpareil
PR-BROADSIDES-A-00077-00004-000-00002_500dpi_2ndhalf_line_147_pos_96_ILC r.png,Baskerville,06_Nonpareil
PR-BROADSIDES-A-00077-00004-000-00002_500dpi_2ndhalf_line_149_pos_37_ILC r.png,Baskerville,06_Nonpareil
PR-BROADSIDES-A-00077-00004-000-00002_500dpi_2ndhalf_line_149_pos_48_ILC r.png,Baskerville,06_Nonpareil
PR-BROADSIDES-A-00077-00004-000-00002_500dpi_2ndhalf_line_149_pos_83_ILC r.png,Baskerville,06_Nonpareil
PR-BROADSIDES-A-00077-00004-000-00002_500dpi_2ndhalf_line_149_pos_92_ILC r.png,Baskerville,06_Nonpareil
PR-BROADSIDES-A-00077-00004-000-00002_500dpi_2ndhalf_line_15_pos_79_ILC r.png,Baskerville,10_Small_Pica
PR-BROADSIDES-A-00077-00004-000-00002_500dpi_2ndhalf_line_15_pos_86_ILC r.png,Baskerville,10_Small_Pica
PR-BROADSIDES-A-00077-00004-000-00002_500dpi_2ndhalf_line_151_pos_101_ILC r.png,Baskerville,06_Nonpareil
PR-BROADSIDES-A-00077-00004-000-00002_500dpi_2ndhalf_line_151_pos_111_ILC r.png,Baskerville,06_Nonpareil
PR-BROADSIDES-A-00077-00004-000-00002_500dpi_2ndhalf_line_19_pos_59_ILC r.png,Baskerville,10_Small_Pica
PR-BROADSIDES-A-00077-00004-000-00002_500dpi_2ndhalf_line_19_pos_64_ILC r.png,Baskerville,10_Small_Pica
PR-BROADSIDES-A-00077-00004-000-00002_500dpi_2ndhalf_line_19_pos_65_ILC r.png,Baskerville,10_Small_Pica
PR-BROADSIDES-A-00077-00004-000-00002_500dpi_2ndhalf_line_19_pos_92_ILC r.png,Baskerville,10_Small_Pica
PR-BROADSIDES-A-00077-00004-000-00002_500dpi_2ndhalf_line_25_pos_76_ILC r.png,Baskerville,10_Small_Pica
PR-BROADSIDES-A-00077-00004-000-00002_500dpi_2ndhalf_line_25_pos_88_ILC r.png,Baskerville,10_Small_Pica
PR-BROADSIDES-A-00077-00004-000-00002_500dpi_2ndhalf_line_25_pos_93_ILC r.png,Baskerville,10_Small_Pica
PR-BROADSIDES-A-00077-00004-000-00002_500dpi_2ndhalf_line_28_pos_111_ILC r.png,Baskerville,10_Small_Pica
PR-BROADSIDES-A-00077-00004-000-00002_500dpi_2ndhalf_line_28_pos_71_ILC r.png,Baskerville,10_Small_Pica
PR-BROADSIDES-A-00077-00004-000-00002_500dpi_2ndhalf_line_28_pos_87_ILC r.png,Baskerville,10_Small_Pica
PR-BROADSIDES-A-00077-00004-000-00002_500dpi_2ndhalf_line_28_pos_99_ILC r.png,Baskerville,10_Small_Pica
PR-BROADSIDES-A-00077-00004-000-00002_500dpi_2ndhalf_line_37_pos_12_ILC r.png,Baskerville,09_Long_Primer
PR-BROADSIDES-A-00077-00004-000-00002_500dpi_2ndhalf_line_37_pos_6_ILC r.png,Baskerville,09_Long_Primer
PR-BROADSIDES-A-00077-00004-000-00002_500dpi_2ndhalf_line_43_pos_60_ILC r.png,Baskerville,09_Long_Primer
PR-BROADSIDES-A-00077-00004-000-00002_500dpi_2ndhalf_line_43_pos_80_ILC r.png,Baskerville,09_Long_Primer
PR-BROADSIDES-A-00077-00004-000-00002_500dpi_2ndhalf_line_48_pos_75_ILC r.png,Baskerville,09_Long_Primer
PR-BROADSIDES-A-00077-00004-000-00002_500dpi_2ndhalf_line_48_pos_82_ILC r.png,Baskerville,09_Long_Primer
PR-BROADSIDES-A-00077-00004-000-00002_500dpi_2ndhalf_line_54_pos_51_ILC r.png,Baskerville,09_Long_Primer
PR-BROADSIDES-A-00077-00004-000-00002_500dpi_2ndhalf_line_54_pos_56_ILC r.png,Baskerville,09_Long_Primer
PR-BROADSIDES-A-00077-00004-000-00002_500dpi_2ndhalf_line_54_pos_57_ILC r.png,Baskerville,09_Long_Primer
PR-BROADSIDES-A-00077-00004-000-00002_500dpi_2ndhalf_line_58_pos_117_ILC r.png,Baskerville,09_Long_Primer
PR-BROADSIDES-A-00077-00004-000-00002_500dpi_2ndhalf_line_58_pos_65_ILC r.png,Baskerville,09_Long_Primer
PR-BROADSIDES-A-00077-00004-000-00002_500dpi_2ndhalf_line_58_pos_77_ILC r.png,Baskerville,09_Long_Primer
PR-BROADSIDES-A-00077-00004-000-00002_500dpi_2ndhalf_line_58_pos_83_ILC r.png,Baskerville,09_Long_Primer
PR-BROADSIDES-A-00077-00004-000-00002_500dpi_2ndhalf_line_6_pos_62_ILC r.png,Baskerville,10_Small_Pica
PR-BROADSIDES-A-00077-00004-000-00002_500dpi_2ndhalf_line_6_pos_83_ILC r.png,Baskerville,10_Small_Pica
PR-BROADSIDES-A-00077-00004-000-00002_500dpi_2ndhalf_line_63_pos_113_ILC r.png,Baskerville,09_Long_Primer
PR-BROADSIDES-A-00077-00004-000-00002_500dpi_2ndhalf_line_63_pos_65_ILC r.png,Baskerville,09_Long_Primer
PR-BROADSIDES-A-00077-00004-000-00002_500dpi_2ndhalf_line_63_pos_78_ILC r.png,Baskerville,09_Long_Primer
PR-BROADSIDES-A-00077-00004-000-00002_500dpi_2ndhalf_line_63_pos_90_ILC r.png,Baskerville,09_Long_Primer
PR-BROADSIDES-A-00077-00004-000-00002_500dpi_2ndhalf_line_71_pos_4_ILC r.png,Baskerville,08.5_Burgeois
PR-BROADSIDES-A-00077-00004-000-00002_500dpi_2ndhalf_line_77_pos_71_ILC r.png,Baskerville,08.5_Burgeois
PR-BROADSIDES-A-00077-00004-000-00002_500dpi_2ndhalf_line_83_pos_117_ILC r.png,Baskerville,08.5_Burgeois
PR-BROADSIDES-A-00077-00004-000-00002_500dpi_2ndhalf_line_83_pos_86_ILC r.png,Baskerville,08.5_Burgeois
PR-BROADSIDES-A-00077-00004-000-00002_500dpi_2ndhalf_line_88_pos_131_ILC r.png,Baskerville,08.5_Burgeois
PR-BROADSIDES-A-00077-00004-000-00002_500dpi_2ndhalf_line_88_pos_87_ILC r.png,Baskerville,08.5_Burgeois
PR-BROADSIDES-A-00077-00004-000-00002_500dpi_2ndhalf_line_93_pos_69_ILC r.png,Baskerville,08.5_Burgeois
PR-BROADSIDES-B-00076-00002-000-00001_500dpi_1sthalf_line_14_pos_43_ILC r.png,Baskerville,20_Double_Pica
PR-BROADSIDES-B-00076-00002-000-00001_500dpi_1sthalf_line_16_pos_6_ILC r.png,Baskerville,20_Double_Pica
PR-BROADSIDES-B-00076-00002-000-00001_500dpi_1sthalf_line_19_pos_11_ILC r.png,Baskerville,16_Great_Primer
PR-BROADSIDES-B-00076-00002-000-00001_500dpi_1sthalf_line_19_pos_2_ILC r.png,Baskerville,16_Great_Primer
PR-BROADSIDES-B-00076-00002-000-00001_500dpi_1sthalf_line_19_pos_7_ILC r.png,Baskerville,16_Great_Primer
PR-BROADSIDES-B-00076-00002-000-00001_500dpi_1sthalf_line_23_pos_16_ILC r.png,Baskerville,16_Great_Primer
PR-BROADSIDES-B-00076-00002-000-00001_500dpi_1sthalf_line_24_pos_42_ILC r.png,Baskerville,16_Great_Primer
PR-BROADSIDES-B-00076-00002-000-00001_500dpi_1sthalf_line_27_pos_9_ILC r.png,Baskerville,16_Great_Primer
PR-BROADSIDES-B-00076-00002-000-00001_500dpi_1sthalf_line_28_pos_46_ILC r.png,Baskerville,16_Great_Primer
PR-BROADSIDES-B-00076-00002-000-00001_500dpi_1sthalf_line_28_pos_51_ILC r.png,Baskerville,16_Great_Primer
PR-BROADSIDES-B-00076-00002-000-00001_500dpi_1sthalf_line_28_pos_52_ILC r.png,Baskerville,16_Great_Primer
PR-BROADSIDES-B-00076-00002-000-00001_500dpi_1sthalf_line_34_pos_46_ILC r.png,Baskerville,14_English
PR-BROADSIDES-B-00076-00002-000-00001_500dpi_1sthalf_line_36_pos_37_ILC r.png,Baskerville,14_English
PR-BROADSIDES-B-00076-00002-000-00001_500dpi_1sthalf_line_37_pos_41_ILC r.png,Baskerville,14_English
PR-BROADSIDES-B-00076-00002-000-00001_500dpi_1sthalf_line_37_pos_77_ILC r.png,Baskerville,14_English
PR-BROADSIDES-B-00076-00002-000-00001_500dpi_1sthalf_line_37_pos_82_ILC r.png,Baskerville,14_English
PR-BROADSIDES-B-00076-00002-000-00001_500dpi_1sthalf_line_37_pos_83_ILC r.png,Baskerville,14_English
PR-BROADSIDES-B-00076-00002-000-00001_500dpi_1sthalf_line_41_pos_52_ILC r.png,Baskerville,12_Pica
PR-BROADSIDES-B-00076-00002-000-00001_500dpi_1sthalf_line_41_pos_67_ILC r.png,Baskerville,12_Pica
PR-BROADSIDES-B-00076-00002-000-00001_500dpi_1sthalf_line_43_pos_75_ILC r.png,Baskerville,12_Pica
PR-BROADSIDES-B-00076-00002-000-00001_500dpi_1sthalf_line_43_pos_82_ILC r.png,Baskerville,12_Pica
PR-BROADSIDES-B-00076-00002-000-00001_500dpi_1sthalf_line_44_pos_71_ILC r.png,Baskerville,12_Pica
PR-BROADSIDES-B-00076-00002-000-00001_500dpi_1sthalf_line_44_pos_76_ILC r.png,Baskerville,12_Pica
PR-BROADSIDES-B-00076-00002-000-00001_500dpi_1sthalf_line_44_pos_77_ILC r.png,Baskerville,12_Pica
PR-BROADSIDES-B-00076-00002-000-00001_500dpi_1sthalf_line_45_pos_57_ILC r.png,Baskerville,12_Pica
PR-BROADSIDES-B-00076-00002-000-00001_500dpi_1sthalf_line_45_pos_98_ILC r.png,Baskerville,12_Pica
PR-BROADSIDES-B-00076-00002-000-00001_500dpi_1sthalf_line_46_pos_54_ILC r.png,Baskerville,12_Pica
PR-BROADSIDES-B-00076-00002-000-00001_500dpi_1sthalf_line_46_pos_59_ILC r.png,Baskerville,12_Pica
PR-BROADSIDES-B-00076-00002-000-00001_500dpi_1sthalf_line_46_pos_94_ILC r.png,Baskerville,12_Pica
PR-BROADSIDES-B-00076-00002-000-00001_500dpi_1sthalf_line_9_pos_18_ILC r.png,Baskerville,20_Double_Pica
PR-BROADSIDES-B-00076-00002-000-00001_500dpi_2ndhalf_line_100_pos_79_ILC r.png,Baskerville,08_Brevier
PR-BROADSIDES-B-00076-00002-000-00001_500dpi_2ndhalf_line_106_pos_7_ILC r.png,Baskerville,06_Nonpareil
PR-BROADSIDES-B-00076-00002-000-00001_500dpi_2ndhalf_line_110_pos_116_ILC r.png,Baskerville,06_Nonpareil
PR-BROADSIDES-B-00076-00002-000-00001_500dpi_2ndhalf_line_110_pos_132_ILC r.png,Baskerville,06_Nonpareil
PR-BROADSIDES-B-00076-00002-000-00001_500dpi_2ndhalf_line_110_pos_143_ILC r.png,Baskerville,06_Nonpareil
PR-BROADSIDES-B-00076-00002-000-00001_500dpi_2ndhalf_line_110_pos_155_ILC r.png,Baskerville,06_Nonpareil
PR-BROADSIDES-B-00076-00002-000-00001_500dpi_2ndhalf_line_110_pos_96_ILC r.png,Baskerville,06_Nonpareil
PR-BROADSIDES-B-00076-00002-000-00001_500dpi_2ndhalf_line_114_pos_122_ILC r.png,Baskerville,06_Nonpareil
PR-BROADSIDES-B-00076-00002-000-00001_500dpi_2ndhalf_line_114_pos_162_ILC r.png,Baskerville,06_Nonpareil
PR-BROADSIDES-B-00076-00002-000-00001_500dpi_2ndhalf_line_114_pos_82_ILC r.png,Baskerville,06_Nonpareil
PR-BROADSIDES-B-00076-00002-000-00001_500dpi_2ndhalf_line_116_pos_112_ILC r.png,Baskerville,06_Nonpareil
PR-BROADSIDES-B-00076-00002-000-00001_500dpi_2ndhalf_line_116_pos_117_ILC r.png,Baskerville,06_Nonpareil
PR-BROADSIDES-B-00076-00002-000-00001_500dpi_2ndhalf_line_116_pos_118_ILC r.png,Baskerville,06_Nonpareil
PR-BROADSIDES-B-00076-00002-000-00001_500dpi_2ndhalf_line_116_pos_170_ILC r.png,Baskerville,06_Nonpareil
PR-BROADSIDES-B-00076-00002-000-00001_500dpi_2ndhalf_line_116_pos_174_ILC r.png,Baskerville,06_Nonpareil
PR-BROADSIDES-B-00076-00002-000-00001_500dpi_2ndhalf_line_116_pos_83_ILC r.png,Baskerville,06_Nonpareil
PR-BROADSIDES-B-00076-00002-000-00001_500dpi_2ndhalf_line_118_pos_145_ILC r.png,Baskerville,06_Nonpareil
PR-BROADSIDES-B-00076-00002-000-00001_500dpi_2ndhalf_line_118_pos_150_ILC r.png,Baskerville,06_Nonpareil
PR-BROADSIDES-B-00076-00002-000-00001_500dpi_2ndhalf_line_118_pos_167_ILC r.png,Baskerville,06_Nonpareil
PR-BROADSIDES-B-00076-00002-000-00001_500dpi_2ndhalf_line_118_pos_174_ILC r.png,Baskerville,06_Nonpareil
PR-BROADSIDES-B-00076-00002-000-00001_500dpi_2ndhalf_line_118_pos_97_ILC r.png,Baskerville,06_Nonpareil
PR-BROADSIDES-B-00076-00002-000-00001_500dpi_2ndhalf_line_120_pos_100_ILC r.png,Baskerville,06_Nonpareil
PR-BROADSIDES-B-00076-00002-000-00001_500dpi_2ndhalf_line_120_pos_106_ILC r.png,Baskerville,06_Nonpareil
PR-BROADSIDES-B-00076-00002-000-00001_500dpi_2ndhalf_line_120_pos_154_ILC r.png,Baskerville,06_Nonpareil
PR-BROADSIDES-B-00076-00002-000-00001_500dpi_2ndhalf_line_120_pos_179_ILC r.png,Baskerville,06_Nonpareil
PR-BROADSIDES-B-00076-00002-000-00001_500dpi_2ndhalf_line_120_pos_88_ILC r.png,Baskerville,06_Nonpareil
PR-BROADSIDES-B-00076-00002-000-00001_500dpi_2ndhalf_line_14_pos_18_ILC r.png,Baskerville,10_Small_Pica
PR-BROADSIDES-B-00076-00002-000-00001_500dpi_2ndhalf_line_14_pos_25_ILC r.png,Baskerville,10_Small_Pica
PR-BROADSIDES-B-00076-00002-000-00001_500dpi_2ndhalf_line_18_pos_118_ILC r.png,Baskerville,10_Small_Pica
PR-BROADSIDES-B-00076-00002-000-00001_500dpi_2ndhalf_line_18_pos_74_ILC r.png,Baskerville,10_Small_Pica
PR-BROADSIDES-B-00076-00002-000-00001_500dpi_2ndhalf_line_18_pos_79_ILC r.png,Baskerville,10_Small_Pica
PR-BROADSIDES-B-00076-00002-000-00001_500dpi_2ndhalf_line_18_pos_80_ILC r.png,Baskerville,10_Small_Pica
PR-BROADSIDES-B-00076-00002-000-00001_500dpi_2ndhalf_line_23_pos_16_ILC r.png,Baskerville,10_Small_Pica
PR-BROADSIDES-B-00076-00002-000-00001_500dpi_2ndhalf_line_23_pos_27_ILC r.png,Baskerville,10_Small_Pica
PR-BROADSIDES-B-00076-00002-000-00001_500dpi_2ndhalf_line_23_pos_30_ILC r.png,Baskerville,10_Small_Pica
PR-BROADSIDES-B-00076-00002-000-00001_500dpi_2ndhalf_line_25_pos_101_ILC r.png,Baskerville,10_Small_Pica
PR-BROADSIDES-B-00076-00002-000-00001_500dpi_2ndhalf_line_25_pos_114_ILC r.png,Baskerville,10_Small_Pica
PR-BROADSIDES-B-00076-00002-000-00001_500dpi_2ndhalf_line_25_pos_126_ILC r.png,Baskerville,10_Small_Pica
PR-BROADSIDES-B-00076-00002-000-00001_500dpi_2ndhalf_line_25_pos_81_ILC r.png,Baskerville,10_Small_Pica
PR-BROADSIDES-B-00076-00002-000-00001_500dpi_2ndhalf_line_31_pos_12_ILC r.png,Baskerville,09_Long_Primer
PR-BROADSIDES-B-00076-00002-000-00001_500dpi_2ndhalf_line_37_pos_88_ILC r.png,Baskerville,09_Long_Primer
PR-BROADSIDES-B-00076-00002-000-00001_500dpi_2ndhalf_line_39_pos_90_ILC r.png,Baskerville,09_Long_Primer
PR-BROADSIDES-B-00076-00002-000-00001_500dpi_2ndhalf_line_39_pos_99_ILC r.png,Baskerville,09_Long_Primer
PR-BROADSIDES-B-00076-00002-000-00001_500dpi_2ndhalf_line_43_pos_61_ILC r.png,Baskerville,09_Long_Primer
PR-BROADSIDES-B-00076-00002-000-00001_500dpi_2ndhalf_line_45_pos_17_ILC r.png,Baskerville,09_Long_Primer
PR-BROADSIDES-B-00076-00002-000-00001_500dpi_2ndhalf_line_45_pos_3_ILC r.png,Baskerville,09_Long_Primer
PR-BROADSIDES-B-00076-00002-000-00001_500dpi_2ndhalf_line_45_pos_4_ILC r.png,Baskerville,09_Long_Primer
PR-BROADSIDES-B-00076-00002-000-00001_500dpi_2ndhalf_line_49_pos_36_ILC r.png,Baskerville,09_Long_Primer
PR-BROADSIDES-B-00076-00002-000-00001_500dpi_2ndhalf_line_49_pos_76_ILC r.png,Baskerville,09_Long_Primer
PR-BROADSIDES-B-00076-00002-000-00001_500dpi_2ndhalf_line_52_pos_102_ILC r.png,Baskerville,09_Long_Primer
PR-BROADSIDES-B-00076-00002-000-00001_500dpi_2ndhalf_line_52_pos_124_ILC r.png,Baskerville,09_Long_Primer
PR-BROADSIDES-B-00076-00002-000-00001_500dpi_2ndhalf_line_52_pos_74_ILC r.png,Baskerville,09_Long_Primer
PR-BROADSIDES-B-00076-00002-000-00001_500dpi_2ndhalf_line_52_pos_90_ILC r.png,Baskerville,09_Long_Primer
PR-BROADSIDES-B-00076-00002-000-00001_500dpi_2ndhalf_line_62_pos_128_ILC r.png,Baskerville,08.5_Burgeois
PR-BROADSIDES-B-00076-00002-000-00001_500dpi_2ndhalf_line_62_pos_133_ILC r.png,Baskerville,08.5_Burgeois
PR-BROADSIDES-B-00076-00002-000-00001_500dpi_2ndhalf_line_68_pos_134_ILC r.png,Baskerville,08.5_Burgeois
PR-BROADSIDES-B-00076-00002-000-00001_500dpi_2ndhalf_line_68_pos_95_ILC r.png,Baskerville,08.5_Burgeois
PR-BROADSIDES-B-00076-00002-000-00001_500dpi_2ndhalf_line_72_pos_143_ILC r.png,Baskerville,08.5_Burgeois
PR-BROADSIDES-B-00076-00002-000-00001_500dpi_2ndhalf_line_72_pos_79_ILC r.png,Baskerville,08.5_Burgeois
PR-BROADSIDES-B-00076-00002-000-00001_500dpi_2ndhalf_line_76_pos_129_ILC r.png,Baskerville,08.5_Burgeois
PR-BROADSIDES-B-00076-00002-000-00001_500dpi_2ndhalf_line_81_pos_7_ILC r.png,Baskerville,08_Brevier
PR-BROADSIDES-B-00076-00002-000-00001_500dpi_2ndhalf_line_85_pos_106_ILC r.png,Baskerville,08_Brevier
PR-BROADSIDES-B-00076-00002-000-00001_500dpi_2ndhalf_line_85_pos_121_ILC r.png,Baskerville,08_Brevier
PR-BROADSIDES-B-00076-00002-000-00001_500dpi_2ndhalf_line_85_pos_126_ILC r.png,Baskerville,08_Brevier
PR-BROADSIDES-B-00076-00002-000-00001_500dpi_2ndhalf_line_9_pos_42_ILC r.png,Baskerville,10_Small_Pica
PR-BROADSIDES-B-00076-00002-000-00001_500dpi_2ndhalf_line_9_pos_55_ILC r.png,Baskerville,10_Small_Pica
PR-BROADSIDES-B-00076-00002-000-00001_500dpi_2ndhalf_line_91_pos_35_ILC r.png,Baskerville,08_Brevier
PR-BROADSIDES-B-00076-00002-000-00001_500dpi_2ndhalf_line_91_pos_78_ILC r.png,Baskerville,08_Brevier
PR-BROADSIDES-B-00076-00002-000-00001_500dpi_2ndhalf_line_94_pos_97_ILC r.png,Baskerville,08_Brevier
PR-BROADSIDES-B-00076-00002-000-00001_500dpi_2ndhalf_line_96_pos_121_ILC r.png,Baskerville,08_Brevier
PR-BROADSIDES-B-00076-00002-000-00001_500dpi_2ndhalf_line_96_pos_125_ILC r.png,Baskerville,08_Brevier
PR-BROADSIDES-B-00076-00002-000-00001_500dpi_2ndhalf_line_96_pos_78_ILC r.png,Baskerville,08_Brevier
PR-BROADSIDES-B-00076-00002-000-00001_500dpi_2ndhalf_line_96_pos_84_ILC r.png,Baskerville,08_Brevier
PR-BROADSIDES-B-00076-00006-000-00001_500dpi_1sthalf_line_23_pos_15_ILC r.png,Baskerville,20_Double_Pica
PR-BROADSIDES-B-00076-00006-000-00001_500dpi_1sthalf_line_27_pos_1_ILC r.png,Baskerville,20_Double_Pica
PR-BROADSIDES-B-00076-00006-000-00001_500dpi_1sthalf_line_27_pos_40_ILC r.png,Baskerville,20_Double_Pica
PR-BROADSIDES-B-00076-00006-000-00001_500dpi_1sthalf_line_28_pos_3_ILC r.png,Baskerville,20_Double_Pica
PR-BROADSIDES-B-00076-00006-000-00001_500dpi_1sthalf_line_28_pos_33_ILC r.png,Baskerville,20_Double_Pica
PR-BROADSIDES-B-00076-00006-000-00001_500dpi_1sthalf_line_28_pos_38_ILC r.png,Baskerville,20_Double_Pica
PR-BROADSIDES-B-00076-00006-000-00001_500dpi_1sthalf_line_28_pos_39_ILC r.png,Baskerville,20_Double_Pica
PR-BROADSIDES-B-00076-00006-000-00001_500dpi_2ndhalf_line_35_pos_6_ILC r.png,Baskerville,10_Small_Pica
PR-BROADSIDES-B-00076-00006-000-00001_500dpi_2ndhalf_line_41_pos_42_ILC r.png,Baskerville,10_Small_Pica
PR-BROADSIDES-B-00076-00006-000-00001_500dpi_2ndhalf_line_46_pos_39_ILC r.png,Baskerville,10_Small_Pica
PR-BROADSIDES-B-00076-00006-000-00001_500dpi_2ndhalf_line_46_pos_46_ILC r.png,Baskerville,10_Small_Pica
PR-BROADSIDES-B-00076-00006-000-00001_500dpi_2ndhalf_line_51_pos_16_ILC r.png,Baskerville,10_Small_Pica
PR-BROADSIDES-B-00076-00006-000-00001_500dpi_2ndhalf_line_58_pos_15_ILC r.png,Baskerville,10_Small_Pica
PR-BROADSIDES-B-00076-00006-000-00001_500dpi_2ndhalf_line_76_pos_38_ILC r.png,Baskerville,09_Long_Primer
PR-BROADSIDES-B-00076-00006-000-00001_500dpi_2ndhalf_line_79_pos_21_ILC r.png,Baskerville,09_Long_Primer
PR-BROADSIDES-B-00076-00006-000-00001_500dpi_2ndhalf_line_80_pos_41_ILC r.png,Baskerville,09_Long_Primer
PR-BROADSIDES-B-00076-00006-000-00001_500dpi_2ndhalf_line_83_pos_10_ILC r.png,Baskerville,09_Long_Primer
PR-BROADSIDES-B-00076-00006-000-00001_500dpi_2ndhalf_line_84_pos_36_ILC r.png,Baskerville,09_Long_Primer
PR-BROADSIDES-B-00076-00006-000-00001_500dpi_2ndhalf_line_88_pos_20_ILC r.png,Baskerville,09_Long_Primer
PR-BROADSIDES-B-00076-00006-000-00001_500dpi_2ndhalf_line_89_pos_58_ILC r.png,Baskerville,09_Long_Primer
PR-BROADSIDES-B-00076-00008-000-00001_500dpi_1sthalf_line_11_pos_34_ILC r.png,Baskerville,20_Double_Pica
PR-BROADSIDES-B-00076-00008-000-00001_500dpi_1sthalf_line_14_pos_47_ILC r.png,Baskerville,20_Double_Pica
PR-BROADSIDES-B-00076-00008-000-00001_500dpi_1sthalf_line_18_pos_11_ILC r.png,Baskerville,16_Great_Primer
PR-BROADSIDES-B-00076-00008-000-00001_500dpi_1sthalf_line_18_pos_2_ILC r.png,Baskerville,16_Great_Primer
PR-BROADSIDES-B-00076-00008-000-00001_500dpi_1sthalf_line_18_pos_7_ILC r.png,Baskerville,16_Great_Primer
PR-BROADSIDES-B-00076-00008-000-00001_500dpi_1sthalf_line_20_pos_43_ILC r.png,Baskerville,16_Great_Primer
PR-BROADSIDES-B-00076-00008-000-00001_500dpi_1sthalf_line_22_pos_43_ILC r.png,Baskerville,16_Great_Primer
PR-BROADSIDES-B-00076-00008-000-00001_500dpi_1sthalf_line_23_pos_51_ILC r.png,Baskerville,16_Great_Primer
PR-BROADSIDES-B-00076-00008-000-00001_500dpi_1sthalf_line_23_pos_58_ILC r.png,Baskerville,16_Great_Primer
PR-BROADSIDES-B-00076-00008-000-00001_500dpi_1sthalf_line_25_pos_46_ILC r.png,Baskerville,16_Great_Primer
PR-BROADSIDES-B-00076-00008-000-00001_500dpi_1sthalf_line_25_pos_51_ILC r.png,Baskerville,16_Great_Primer
PR-BROADSIDES-B-00076-00008-000-00001_500dpi_1sthalf_line_25_pos_52_ILC r.png,Baskerville,16_Great_Primer
PR-BROADSIDES-B-00076-00008-000-00001_500dpi_1sthalf_line_30_pos_49_ILC r.png,Baskerville,14_English
PR-BROADSIDES-B-00076-00008-000-00001_500dpi_1sthalf_line_32_pos_37_ILC r.png,Baskerville,14_English
PR-BROADSIDES-B-00076-00008-000-00001_500dpi_1sthalf_line_33_pos_39_ILC r.png,Baskerville,14_English
PR-BROADSIDES-B-00076-00008-000-00001_500dpi_1sthalf_line_33_pos_46_ILC r.png,Baskerville,14_English
PR-BROADSIDES-B-00076-00008-000-00001_500dpi_1sthalf_line_33_pos_73_ILC r.png,Baskerville,14_English
PR-BROADSIDES-B-00076-00008-000-00001_500dpi_1sthalf_line_33_pos_78_ILC r.png,Baskerville,14_English
PR-BROADSIDES-B-00076-00008-000-00001_500dpi_1sthalf_line_33_pos_79_ILC r.png,Baskerville,14_English
PR-BROADSIDES-B-00076-00008-000-00001_500dpi_1sthalf_line_34_pos_64_ILC r.png,Baskerville,14_English
PR-BROADSIDES-B-00076-00008-000-00001_500dpi_1sthalf_line_39_pos_71_ILC r.png,Baskerville,12_Pica
PR-BROADSIDES-B-00076-00008-000-00001_500dpi_1sthalf_line_40_pos_73_ILC r.png,Baskerville,12_Pica
PR-BROADSIDES-B-00076-00008-000-00001_500dpi_1sthalf_line_41_pos_71_ILC r.png,Baskerville,12_Pica
PR-BROADSIDES-B-00076-00008-000-00001_500dpi_1sthalf_line_41_pos_76_ILC r.png,Baskerville,12_Pica
PR-BROADSIDES-B-00076-00008-000-00001_500dpi_1sthalf_line_41_pos_77_ILC r.png,Baskerville,12_Pica
PR-BROADSIDES-B-00076-00008-000-00001_500dpi_1sthalf_line_42_pos_51_ILC r.png,Baskerville,12_Pica
PR-BROADSIDES-B-00076-00008-000-00001_500dpi_1sthalf_line_43_pos_52_ILC r.png,Baskerville,12_Pica
PR-BROADSIDES-B-00076-00008-000-00001_500dpi_1sthalf_line_43_pos_57_ILC r.png,Baskerville,12_Pica
PR-BROADSIDES-B-00076-00008-000-00001_500dpi_1sthalf_line_43_pos_90_ILC r.png,Baskerville,12_Pica
PR-BROADSIDES-B-00076-00008-000-00001_500dpi_2ndhalf_line_117_pos_1_ILC r.png,Baskerville,08_Brevier
PR-BROADSIDES-B-00076-00008-000-00001_500dpi_2ndhalf_line_117_pos_6_ILC r.png,Baskerville,08_Brevier
PR-BROADSIDES-B-00076-00008-000-00001_500dpi_2ndhalf_line_120_pos_25_ILC r.png,Baskerville,08_Brevier
PR-BROADSIDES-B-00076-00008-000-00001_500dpi_2ndhalf_line_120_pos_41_ILC r.png,Baskerville,08_Brevier
PR-BROADSIDES-B-00076-00008-000-00001_500dpi_2ndhalf_line_120_pos_56_ILC r.png,Baskerville,08_Brevier
PR-BROADSIDES-B-00076-00008-000-00001_500dpi_2ndhalf_line_120_pos_62_ILC r.png,Baskerville,08_Brevier
PR-BROADSIDES-B-00076-00008-000-00001_500dpi_2ndhalf_line_130_pos_19_ILC r.png,Baskerville,08_Brevier
PR-BROADSIDES-B-00076-00008-000-00001_500dpi_2ndhalf_line_130_pos_84_ILC r.png,Baskerville,08_Brevier
PR-BROADSIDES-B-00076-00008-000-00001_500dpi_2ndhalf_line_135_pos_35_ILC r.png,Baskerville,08_Brevier
PR-BROADSIDES-B-00076-00008-000-00001_500dpi_2ndhalf_line_135_pos_42_ILC r.png,Baskerville,08_Brevier
PR-BROADSIDES-B-00076-00008-000-00001_500dpi_2ndhalf_line_135_pos_71_ILC r.png,Baskerville,08_Brevier
PR-BROADSIDES-B-00076-00008-000-00001_500dpi_2ndhalf_line_138_pos_33_ILC r.png,Baskerville,08_Brevier
PR-BROADSIDES-B-00076-00008-000-00001_500dpi_2ndhalf_line_138_pos_66_ILC r.png,Baskerville,08_Brevier
PR-BROADSIDES-B-00076-00008-000-00001_500dpi_2ndhalf_line_138_pos_81_ILC r.png,Baskerville,08_Brevier
PR-BROADSIDES-B-00076-00008-000-00001_500dpi_2ndhalf_line_141_pos_34_ILC r.png,Baskerville,08_Brevier
PR-BROADSIDES-B-00076-00008-000-00001_500dpi_2ndhalf_line_153_pos_20_ILC r.png,Baskerville,06_Nonpareil
PR-BROADSIDES-B-00076-00008-000-00001_500dpi_2ndhalf_line_156_pos_41_ILC r.png,Baskerville,06_Nonpareil
PR-BROADSIDES-B-00076-00008-000-00001_500dpi_2ndhalf_line_156_pos_6_ILC r.png,Baskerville,06_Nonpareil
PR-BROADSIDES-B-00076-00008-000-00001_500dpi_2ndhalf_line_156_pos_69_ILC r.png,Baskerville,06_Nonpareil
PR-BROADSIDES-B-00076-00008-000-00001_500dpi_2ndhalf_line_158_pos_36_ILC r.png,Baskerville,06_Nonpareil
PR-BROADSIDES-B-00076-00008-000-00001_500dpi_2ndhalf_line_158_pos_37_ILC r.png,Baskerville,06_Nonpareil
PR-BROADSIDES-B-00076-00008-000-00001_500dpi_2ndhalf_line_158_pos_7_ILC r.png,Baskerville,06_Nonpareil
PR-BROADSIDES-B-00076-00008-000-00001_500dpi_2ndhalf_line_162_pos_4_ILC r.png,Baskerville,06_Nonpareil
PR-BROADSIDES-B-00076-00008-000-00001_500dpi_2ndhalf_line_162_pos_55_ILC r.png,Baskerville,06_Nonpareil
PR-BROADSIDES-B-00076-00008-000-00001_500dpi_2ndhalf_line_162_pos_65_ILC r.png,Baskerville,06_Nonpareil
PR-BROADSIDES-B-00076-00008-000-00001_500dpi_2ndhalf_line_162_pos_8_ILC r.png,Baskerville,06_Nonpareil
PR-BROADSIDES-B-00076-00008-000-00001_500dpi_2ndhalf_line_17_pos_89_ILC r.png,Baskerville,10_Small_Pica
PR-BROADSIDES-B-00076-00008-000-00001_500dpi_2ndhalf_line_17_pos_97_ILC r.png,Baskerville,10_Small_Pica
PR-BROADSIDES-B-00076-00008-000-00001_500dpi_2ndhalf_line_21_pos_105_ILC r.png,Baskerville,10_Small_Pica
PR-BROADSIDES-B-00076-00008-000-00001_500dpi_2ndhalf_line_21_pos_68_ILC r.png,Baskerville,10_Small_Pica
PR-BROADSIDES-B-00076-00008-000-00001_500dpi_2ndhalf_line_21_pos_73_ILC r.png,Baskerville,10_Small_Pica
PR-BROADSIDES-B-00076-00008-000-00001_500dpi_2ndhalf_line_21_pos_74_ILC r.png,Baskerville,10_Small_Pica
PR-BROADSIDES-B-00076-00008-000-00001_500dpi_2ndhalf_line_28_pos_79_ILC r.png,Baskerville,10_Small_Pica
PR-BROADSIDES-B-00076-00008-000-00001_500dpi_2ndhalf_line_28_pos_89_ILC r.png,Baskerville,10_Small_Pica
PR-BROADSIDES-B-00076-00008-000-00001_500dpi_2ndhalf_line_28_pos_94_ILC r.png,Baskerville,10_Small_Pica
PR-BROADSIDES-B-00076-00008-000-00001_500dpi_2ndhalf_line_31_pos_106_ILC r.png,Baskerville,10_Small_Pica
PR-BROADSIDES-B-00076-00008-000-00001_500dpi_2ndhalf_line_31_pos_119_ILC r.png,Baskerville,10_Small_Pica
PR-BROADSIDES-B-00076-00008-000-00001_500dpi_2ndhalf_line_31_pos_75_ILC r.png,Baskerville,10_Small_Pica
PR-BROADSIDES-B-00076-00008-000-00001_500dpi_2ndhalf_line_31_pos_92_ILC r.png,Baskerville,10_Small_Pica
PR-BROADSIDES-B-00076-00008-000-00001_500dpi_2ndhalf_line_41_pos_13_ILC r.png,Baskerville,09_Long_Primer
PR-BROADSIDES-B-00076-00008-000-00001_500dpi_2ndhalf_line_41_pos_6_ILC r.png,Baskerville,09_Long_Primer
PR-BROADSIDES-B-00076-00008-000-00001_500dpi_2ndhalf_line_56_pos_122_ILC r.png,Baskerville,09_Long_Primer
PR-BROADSIDES-B-00076-00008-000-00001_500dpi_2ndhalf_line_56_pos_128_ILC r.png,Baskerville,09_Long_Primer
PR-BROADSIDES-B-00076-00008-000-00001_500dpi_2ndhalf_line_6_pos_64_ILC r.png,Baskerville,10_Small_Pica
PR-BROADSIDES-B-00076-00008-000-00001_500dpi_2ndhalf_line_6_pos_83_ILC r.png,Baskerville,10_Small_Pica
PR-BROADSIDES-B-00076-00008-000-00001_500dpi_2ndhalf_line_61_pos_131_ILC r.png,Baskerville,09_Long_Primer
PR-BROADSIDES-B-00076-00008-000-00001_500dpi_2ndhalf_line_61_pos_90_ILC r.png,Baskerville,09_Long_Primer
PR-BROADSIDES-B-00076-00008-000-00001_500dpi_2ndhalf_line_66_pos_110_ILC r.png,Baskerville,09_Long_Primer
PR-BROADSIDES-B-00076-00008-000-00001_500dpi_2ndhalf_line_66_pos_130_ILC r.png,Baskerville,09_Long_Primer
PR-BROADSIDES-B-00076-00008-000-00001_500dpi_2ndhalf_line_66_pos_72_ILC r.png,Baskerville,09_Long_Primer
PR-BROADSIDES-B-00076-00008-000-00001_500dpi_2ndhalf_line_70_pos_63_ILC r.png,Baskerville,09_Long_Primer
PR-BROADSIDES-B-00076-00008-000-00001_500dpi_2ndhalf_line_71_pos_20_ILC r.png,Baskerville,09_Long_Primer
PR-BROADSIDES-B-00076-00008-000-00001_500dpi_2ndhalf_line_71_pos_33_ILC r.png,Baskerville,09_Long_Primer
PR-BROADSIDES-B-00076-00008-000-00001_500dpi_2ndhalf_line_71_pos_38_ILC r.png,Baskerville,09_Long_Primer
PR-BROADSIDES-D-00049-000-00001_500dpi_line_11_pos_13_ILC r.png,Caslon,unknown
PR-BROADSIDES-D-00049-000-00001_500dpi_line_11_pos_6_ILC r.png,Caslon,unknown
PR-BROADSIDES-D-00049-000-00005_500dpi_line_19_pos_6_ILC r.png,Caslon,40_Two-Line_Double_Pica
PR-BROADSIDES-D-00049-000-00005_500dpi_line_9_pos_6_ILC r.png,Caslon,48_French_Cannon
PR-BROADSIDES-D-00049-000-00006_500dpi_line_12_pos_3_ILC r.png,Caslon,36_Two-line_Great_Primer
PR-BROADSIDES-D-00049-000-00006_500dpi_line_22_pos_20_ILC r.png,Caslon,36_Two-line_Great_Primer
PR-BROADSIDES-D-00049-000-00006_500dpi_line_23_pos_19_ILC r.png,Caslon,36_Two-line_Great_Primer
PR-BROADSIDES-D-00049-000-00006_500dpi_line_35_pos_5_ILC r.png,Caslon,"?_""Two-lines_Pica"""
PR-BROADSIDES-D-00049-000-00006_500dpi_line_37_pos_20_ILC r.png,Caslon,"?_""Two-lines_Pica"""
PR-BROADSIDES-D-00049-000-00007_500dpi_line_41_pos_4_ILC r.png,Caslon,20_Double_Pica
PR-BROADSIDES-D-00049-000-00007_500dpi_line_44_pos_6_ILC r.png,Caslon,20_Double_Pica
PR-BROADSIDES-D-00049-000-00007_500dpi_line_47_pos_11_ILC r.png,Caslon,20_Double_Pica
PR-BROADSIDES-D-00049-000-00007_500dpi_line_47_pos_13_ILC r.png,Caslon,20_Double_Pica
PR-BROADSIDES-D-00049-000-00007_500dpi_line_50_pos_17_ILC r.png,Caslon,20_Double_Pica
PR-BROADSIDES-D-00049-000-00007_500dpi_line_52_pos_27_ILC r.png,Caslon,20_Double_Pica
PR-BROADSIDES-D-00049-000-00008_500dpi_line_31_pos_3_ILC r.png,Caslon,"?_""Paragon"""
PR-BROADSIDES-D-00049-000-00008_500dpi_line_34_pos_19_ILC r.png,Caslon,"?_""Paragon"""
PR-BROADSIDES-D-00049-000-00008_500dpi_line_38_pos_14_ILC r.png,Caslon,"?_""Paragon"""
PR-BROADSIDES-D-00049-000-00008_500dpi_line_40_pos_3_ILC r.png,Caslon,"?_""Paragon"""
PR-BROADSIDES-D-00049-000-00008_500dpi_line_40_pos_5_ILC r.png,Caslon,"?_""Paragon"""
PR-BROADSIDES-D-00049-000-00008_500dpi_line_43_pos_7_ILC r.png,Caslon,"?_""Paragon"""
PR-BROADSIDES-D-00049-000-00008_500dpi_line_46_pos_11_ILC r.png,Caslon,"?_""Paragon"""
PR-BROADSIDES-D-00049-000-00008_500dpi_line_46_pos_7_ILC r.png,Caslon,"?_""Paragon"""
PR-BROADSIDES-D-00049-000-00008_500dpi_line_48_pos_25_ILC r.png,Caslon,"?_""Paragon"""
PR-BROADSIDES-D-00049-000-00008_500dpi_line_48_pos_5_ILC r.png,Caslon,"?_""Paragon"""
PR-BROADSIDES-D-00049-000-00008_500dpi_line_51_pos_19_ILC r.png,Caslon,"?_""Paragon"""
PR-BROADSIDES-D-00049-000-00008_500dpi_line_57_pos_12_ILC r.png,Caslon,"?_""Paragon"""
PR-BROADSIDES-D-00049-000-00008_500dpi_line_57_pos_8_ILC r.png,Caslon,"?_""Paragon"""
PR-BROADSIDES-D-00049-000-00008_500dpi_line_58_pos_5_ILC r.png,Caslon,"?_""Paragon"""
PR-BROADSIDES-D-00049-000-00009_500dpi_line_32_pos_11_ILC r.png,Caslon,16_Great_Primer
PR-BROADSIDES-D-00049-000-00009_500dpi_line_32_pos_2_ILC r.png,Caslon,16_Great_Primer
PR-BROADSIDES-D-00049-000-00009_500dpi_line_32_pos_7_ILC r.png,Caslon,16_Great_Primer
PR-BROADSIDES-D-00049-000-00009_500dpi_line_36_pos_11_ILC r.png,Caslon,16_Great_Primer
PR-BROADSIDES-D-00049-000-00009_500dpi_line_36_pos_31_ILC r.png,Caslon,16_Great_Primer
PR-BROADSIDES-D-00049-000-00009_500dpi_line_36_pos_33_ILC r.png,Caslon,16_Great_Primer
PR-BROADSIDES-D-00049-000-00009_500dpi_line_40_pos_1_ILC r.png,Caslon,16_Great_Primer
PR-BROADSIDES-D-00049-000-00009_500dpi_line_41_pos_3_ILC r.png,Caslon,16_Great_Primer
PR-BROADSIDES-D-00049-000-00009_500dpi_line_41_pos_31_ILC r.png,Caslon,16_Great_Primer
PR-BROADSIDES-D-00049-000-00009_500dpi_line_41_pos_8_ILC r.png,Caslon,16_Great_Primer
PR-BROADSIDES-D-00049-000-00009_500dpi_line_42_pos_18_ILC r.png,Caslon,16_Great_Primer
PR-BROADSIDES-D-00049-000-00009_500dpi_line_43_pos_8_ILC r.png,Caslon,16_Great_Primer
PR-BROADSIDES-D-00049-000-00009_500dpi_line_44_pos_31_ILC r.png,Caslon,16_Great_Primer
PR-BROADSIDES-D-00049-000-00009_500dpi_line_45_pos_17_ILC r.png,Caslon,16_Great_Primer
PR-BROADSIDES-D-00049-000-00009_500dpi_line_45_pos_2_ILC r.png,Caslon,16_Great_Primer
PR-BROADSIDES-D-00049-000-00009_500dpi_line_45_pos_26_ILC r.png,Caslon,16_Great_Primer
PR-BROADSIDES-D-00049-000-00009_500dpi_line_46_pos_20_ILC r.png,Caslon,16_Great_Primer
PR-BROADSIDES-D-00049-000-00009_500dpi_line_49_pos_23_ILC r.png,Caslon,16_Great_Primer
PR-BROADSIDES-D-00049-000-00009_500dpi_line_49_pos_30_ILC r.png,Caslon,16_Great_Primer
PR-BROADSIDES-D-00049-000-00009_500dpi_line_49_pos_5_ILC r.png,Caslon,16_Great_Primer
PR-BROADSIDES-D-00049-000-00011_500dpi_line_23_pos_24_ILC r.png,Caslon,14_English
PR-BROADSIDES-D-00049-000-00011_500dpi_line_25_pos_2_ILC r.png,Caslon,14_English
PR-BROADSIDES-D-00049-000-00011_500dpi_line_25_pos_24_ILC r.png,Caslon,14_English
PR-BROADSIDES-D-00049-000-00011_500dpi_line_25_pos_26_ILC r.png,Caslon,14_English
PR-BROADSIDES-D-00049-000-00011_500dpi_line_26_pos_18_ILC r.png,Caslon,14_English
PR-BROADSIDES-D-00049-000-00011_500dpi_line_27_pos_40_ILC r.png,Caslon,14_English
PR-BROADSIDES-D-00049-000-00011_500dpi_line_28_pos_18_ILC r.png,Caslon,14_English
PR-BROADSIDES-D-00049-000-00011_500dpi_line_28_pos_44_ILC r.png,Caslon,14_English
PR-BROADSIDES-D-00049-000-00011_500dpi_line_32_pos_12_ILC r.png,Caslon,14_English
PR-BROADSIDES-D-00049-000-00011_500dpi_line_32_pos_16_ILC r.png,Caslon,14_English
PR-BROADSIDES-D-00049-000-00011_500dpi_line_32_pos_31_ILC r.png,Caslon,14_English
PR-BROADSIDES-D-00049-000-00011_500dpi_line_32_pos_40_ILC r.png,Caslon,14_English
PR-BROADSIDES-D-00049-000-00011_500dpi_line_33_pos_26_ILC r.png,Caslon,14_English
PR-BROADSIDES-D-00049-000-00011_500dpi_line_34_pos_21_ILC r.png,Caslon,14_English
PR-BROADSIDES-D-00049-000-00011_500dpi_line_34_pos_28_ILC r.png,Caslon,14_English
PR-BROADSIDES-D-00049-000-00011_500dpi_line_34_pos_3_ILC r.png,Caslon,14_English
PR-BROADSIDES-D-00049-000-00011_500dpi_line_35_pos_12_ILC r.png,Caslon,14_English
PR-BROADSIDES-D-00049-000-00011_500dpi_line_35_pos_27_ILC r.png,Caslon,14_English
PR-BROADSIDES-D-00049-000-00011_500dpi_line_35_pos_30_ILC r.png,Caslon,14_English
PR-BROADSIDES-D-00049-000-00011_500dpi_line_35_pos_39_ILC r.png,Caslon,14_English
PR-BROADSIDES-D-00049-000-00011_500dpi_line_36_pos_24_ILC r.png,Caslon,14_English
PR-BROADSIDES-D-00049-000-00011_500dpi_line_36_pos_45_ILC r.png,Caslon,14_English
PR-BROADSIDES-D-00049-000-00011_500dpi_line_36_pos_7_ILC r.png,Caslon,14_English
PR-BROADSIDES-D-00049-000-00011_500dpi_line_37_pos_15_ILC r.png,Caslon,14_English
PR-BROADSIDES-D-00049-000-00011_500dpi_line_37_pos_17_ILC r.png,Caslon,14_English
PR-BROADSIDES-D-00049-000-00011_500dpi_line_37_pos_20_ILC r.png,Caslon,14_English
PR-BROADSIDES-D-00049-000-00011_500dpi_line_37_pos_24_ILC r.png,Caslon,14_English
PR-BROADSIDES-D-00049-000-00011_500dpi_line_37_pos_26_ILC r.png,Caslon,14_English
PR-BROADSIDES-D-00049-000-00011_500dpi_line_37_pos_36_ILC r.png,Caslon,14_English
PR-BROADSIDES-D-00049-000-00011_500dpi_line_37_pos_8_ILC r.png,Caslon,14_English
PR-BROADSIDES-D-00049-000-00011_500dpi_line_38_pos_4_ILC r.png,Caslon,14_English
PR-BROADSIDES-D-00049-000-00012_500dpi_line_29_pos_18_ILC r.png,Caslon,12_Pica
PR-BROADSIDES-D-00049-000-00012_500dpi_line_30_pos_17_ILC r.png,Caslon,12_Pica
PR-BROADSIDES-D-00049-000-00012_500dpi_line_30_pos_19_ILC r.png,Caslon,12_Pica
PR-BROADSIDES-D-00049-000-00012_500dpi_line_32_pos_35_ILC r.png,Caslon,12_Pica
PR-BROADSIDES-D-00049-000-00012_500dpi_line_35_pos_18_ILC r.png,Caslon,12_Pica
PR-BROADSIDES-D-00049-000-00012_500dpi_line_36_pos_32_ILC r.png,Caslon,12_Pica
PR-BROADSIDES-D-00049-000-00012_500dpi_line_38_pos_32_ILC r.png,Caslon,12_Pica
PR-BROADSIDES-D-00049-000-00012_500dpi_line_38_pos_5_ILC r.png,Caslon,12_Pica
PR-BROADSIDES-D-00049-000-00012_500dpi_line_39_pos_3_ILC r.png,Caslon,12_Pica
PR-BROADSIDES-D-00049-000-00012_500dpi_line_41_pos_20_ILC r.png,Caslon,12_Pica
PR-BROADSIDES-D-00049-000-00012_500dpi_line_41_pos_23_ILC r.png,Caslon,12_Pica
PR-BROADSIDES-D-00049-000-00012_500dpi_line_41_pos_43_ILC r.png,Caslon,12_Pica
PR-BROADSIDES-D-00049-000-00012_500dpi_line_41_pos_6_ILC r.png,Caslon,12_Pica
PR-BROADSIDES-D-00049-000-00012_500dpi_line_42_pos_41_ILC r.png,Caslon,12_Pica
PR-BROADSIDES-D-00049-000-00012_500dpi_line_44_pos_24_ILC r.png,Caslon,12_Pica
PR-BROADSIDES-D-00049-000-00012_500dpi_line_46_pos_33_ILC r.png,Caslon,12_Pica
PR-BROADSIDES-D-00049-000-00012_500dpi_line_52_pos_15_ILC r.png,Caslon,12_Pica
PR-BROADSIDES-D-00049-000-00012_500dpi_line_52_pos_17_ILC r.png,Caslon,12_Pica
PR-BROADSIDES-D-00049-000-00012_500dpi_line_52_pos_2_ILC r.png,Caslon,12_Pica
PR-BROADSIDES-D-00049-000-00012_500dpi_line_52_pos_29_ILC r.png,Caslon,12_Pica
PR-BROADSIDES-D-00049-000-00012_500dpi_line_52_pos_41_ILC r.png,Caslon,12_Pica
PR-BROADSIDES-D-00049-000-00013_500dpi_line_32_pos_20_ILC r.png,Caslon,12_Pica
PR-BROADSIDES-D-00049-000-00013_500dpi_line_34_pos_5_ILC r.png,Caslon,12_Pica
PR-BROADSIDES-D-00049-000-00013_500dpi_line_35_pos_18_ILC r.png,Caslon,12_Pica
PR-BROADSIDES-D-00049-000-00013_500dpi_line_35_pos_20_ILC r.png,Caslon,12_Pica
PR-BROADSIDES-D-00049-000-00013_500dpi_line_36_pos_41_ILC r.png,Caslon,12_Pica
PR-BROADSIDES-D-00049-000-00013_500dpi_line_36_pos_46_ILC r.png,Caslon,12_Pica
PR-BROADSIDES-D-00049-000-00013_500dpi_line_36_pos_7_ILC r.png,Caslon,12_Pica
PR-BROADSIDES-D-00049-000-00013_500dpi_line_37_pos_21_ILC r.png,Caslon,12_Pica
PR-BROADSIDES-D-00049-000-00013_500dpi_line_37_pos_42_ILC r.png,Caslon,12_Pica
PR-BROADSIDES-D-00049-000-00013_500dpi_line_38_pos_17_ILC r.png,Caslon,12_Pica
PR-BROADSIDES-D-00049-000-00013_500dpi_line_39_pos_26_ILC r.png,Caslon,12_Pica
PR-BROADSIDES-D-00049-000-00013_500dpi_line_39_pos_30_ILC r.png,Caslon,12_Pica
PR-BROADSIDES-D-00049-000-00013_500dpi_line_39_pos_45_ILC r.png,Caslon,12_Pica
PR-BROADSIDES-D-00049-000-00013_500dpi_line_40_pos_32_ILC r.png,Caslon,12_Pica
PR-BROADSIDES-D-00049-000-00013_500dpi_line_40_pos_5_ILC r.png,Caslon,12_Pica
PR-BROADSIDES-D-00049-000-00013_500dpi_line_41_pos_21_ILC r.png,Caslon,12_Pica
PR-BROADSIDES-D-00049-000-00013_500dpi_line_41_pos_29_ILC r.png,Caslon,12_Pica
PR-BROADSIDES-D-00049-000-00013_500dpi_line_41_pos_3_ILC r.png,Caslon,12_Pica
PR-BROADSIDES-D-00049-000-00013_500dpi_line_43_pos_21_ILC r.png,Caslon,12_Pica
PR-BROADSIDES-D-00049-000-00013_500dpi_line_43_pos_24_ILC r.png,Caslon,12_Pica
PR-BROADSIDES-D-00049-000-00013_500dpi_line_43_pos_33_ILC r.png,Caslon,12_Pica
PR-BROADSIDES-D-00049-000-00013_500dpi_line_43_pos_43_ILC r.png,Caslon,12_Pica
PR-BROADSIDES-D-00049-000-00013_500dpi_line_43_pos_6_ILC r.png,Caslon,12_Pica
PR-BROADSIDES-D-00049-000-00013_500dpi_line_44_pos_10_ILC r.png,Caslon,12_Pica
PR-BROADSIDES-D-00049-000-00013_500dpi_line_44_pos_29_ILC r.png,Caslon,12_Pica
PR-BROADSIDES-D-00049-000-00013_500dpi_line_44_pos_41_ILC r.png,Caslon,12_Pica
PR-BROADSIDES-D-00049-000-00013_500dpi_line_44_pos_49_ILC r.png,Caslon,12_Pica
PR-BROADSIDES-D-00049-000-00013_500dpi_line_44_pos_51_ILC r.png,Caslon,12_Pica
PR-BROADSIDES-D-00049-000-00013_500dpi_line_45_pos_19_ILC r.png,Caslon,12_Pica
PR-BROADSIDES-D-00049-000-00013_500dpi_line_45_pos_2_ILC r.png,Caslon,12_Pica
PR-BROADSIDES-D-00049-000-00013_500dpi_line_45_pos_25_ILC r.png,Caslon,12_Pica
PR-BROADSIDES-D-00049-000-00013_500dpi_line_45_pos_6_ILC r.png,Caslon,12_Pica
PR-BROADSIDES-D-00049-000-00013_500dpi_line_45_pos_8_ILC r.png,Caslon,12_Pica
PR-BROADSIDES-D-00049-000-00013_500dpi_line_47_pos_36_ILC r.png,Caslon,12_Pica
PR-BROADSIDES-D-00049-000-00013_500dpi_line_48_pos_32_ILC r.png,Caslon,12_Pica
PR-BROADSIDES-D-00049-000-00013_500dpi_line_49_pos_35_ILC r.png,Caslon,12_Pica
PR-BROADSIDES-D-00049-000-00013_500dpi_line_51_pos_15_ILC r.png,Caslon,12_Pica
PR-BROADSIDES-D-00049-000-00013_500dpi_line_51_pos_17_ILC r.png,Caslon,12_Pica
PR-BROADSIDES-D-00049-000-00013_500dpi_line_51_pos_26_ILC r.png,Caslon,12_Pica
PR-BROADSIDES-D-00049-000-00013_500dpi_line_51_pos_3_ILC r.png,Caslon,12_Pica
PR-BROADSIDES-D-00049-000-00013_500dpi_line_51_pos_33_ILC r.png,Caslon,12_Pica
PR-BROADSIDES-D-00049-000-00013_500dpi_line_51_pos_35_ILC r.png,Caslon,12_Pica
PR-BROADSIDES-D-00049-000-00013_500dpi_line_51_pos_6_ILC r.png,Caslon,12_Pica
PR-BROADSIDES-D-00049-000-00014_500dpi_line_30_pos_14_ILC r.png,Caslon,10_Small_Pica
PR-BROADSIDES-D-00049-000-00014_500dpi_line_30_pos_35_ILC r.png,Caslon,10_Small_Pica
PR-BROADSIDES-D-00049-000-00014_500dpi_line_32_pos_10_ILC r.png,Caslon,10_Small_Pica
PR-BROADSIDES-D-00049-000-00014_500dpi_line_32_pos_42_ILC r.png,Caslon,10_Small_Pica
PR-BROADSIDES-D-00049-000-00014_500dpi_line_32_pos_9_ILC r.png,Caslon,10_Small_Pica
PR-BROADSIDES-D-00049-000-00014_500dpi_line_33_pos_24_ILC r.png,Caslon,10_Small_Pica
PR-BROADSIDES-D-00049-000-00014_500dpi_line_33_pos_29_ILC r.png,Caslon,10_Small_Pica
PR-BROADSIDES-D-00049-000-00014_500dpi_line_34_pos_1_ILC r.png,Caslon,10_Small_Pica
PR-BROADSIDES-D-00049-000-00014_500dpi_line_34_pos_15_ILC r.png,Caslon,10_Small_Pica
PR-BROADSIDES-D-00049-000-00014_500dpi_line_34_pos_38_ILC r.png,Caslon,10_Small_Pica
PR-BROADSIDES-D-00049-000-00014_500dpi_line_35_pos_40_ILC r.png,Caslon,10_Small_Pica
PR-BROADSIDES-D-00049-000-00014_500dpi_line_35_pos_44_ILC r.png,Caslon,10_Small_Pica
PR-BROADSIDES-D-00049-000-00014_500dpi_line_37_pos_12_ILC r.png,Caslon,10_Small_Pica
PR-BROADSIDES-D-00049-000-00014_500dpi_line_37_pos_43_ILC r.png,Caslon,10_Small_Pica
PR-BROADSIDES-D-00049-000-00014_500dpi_line_38_pos_12_ILC r.png,Caslon,10_Small_Pica
PR-BROADSIDES-D-00049-000-00014_500dpi_line_38_pos_30_ILC r.png,Caslon,10_Small_Pica
PR-BROADSIDES-D-00049-000-00014_500dpi_line_38_pos_37_ILC r.png,Caslon,10_Small_Pica
PR-BROADSIDES-D-00049-000-00014_500dpi_line_39_pos_21_ILC r.png,Caslon,10_Small_Pica
PR-BROADSIDES-D-00049-000-00014_500dpi_line_39_pos_23_ILC r.png,Caslon,10_Small_Pica
PR-BROADSIDES-D-00049-000-00014_500dpi_line_39_pos_33_ILC r.png,Caslon,10_Small_Pica
PR-BROADSIDES-D-00049-000-00014_500dpi_line_39_pos_43_ILC r.png,Caslon,10_Small_Pica
PR-BROADSIDES-D-00049-000-00014_500dpi_line_40_pos_2_ILC r.png,Caslon,10_Small_Pica
PR-BROADSIDES-D-00049-000-00014_500dpi_line_41_pos_10_ILC r.png,Caslon,10_Small_Pica
PR-BROADSIDES-D-00049-000-00014_500dpi_line_41_pos_26_ILC r.png,Caslon,10_Small_Pica
PR-BROADSIDES-D-00049-000-00014_500dpi_line_41_pos_35_ILC r.png,Caslon,10_Small_Pica
PR-BROADSIDES-D-00049-000-00014_500dpi_line_41_pos_42_ILC r.png,Caslon,10_Small_Pica
PR-BROADSIDES-D-00049-000-00014_500dpi_line_41_pos_44_ILC r.png,Caslon,10_Small_Pica
PR-BROADSIDES-D-00049-000-00014_500dpi_line_41_pos_47_ILC r.png,Caslon,10_Small_Pica
PR-BROADSIDES-D-00049-000-00014_500dpi_line_42_pos_11_ILC r.png,Caslon,10_Small_Pica
PR-BROADSIDES-D-00049-000-00014_500dpi_line_43_pos_1_ILC r.png,Caslon,10_Small_Pica
PR-BROADSIDES-D-00049-000-00014_500dpi_line_43_pos_3_ILC r.png,Caslon,10_Small_Pica
PR-BROADSIDES-D-00049-000-00014_500dpi_line_43_pos_8_ILC r.png,Caslon,10_Small_Pica
PR-BROADSIDES-D-00049-000-00014_500dpi_line_44_pos_20_ILC r.png,Caslon,10_Small_Pica
PR-BROADSIDES-D-00049-000-00014_500dpi_line_46_pos_8_ILC r.png,Caslon,10_Small_Pica
PR-BROADSIDES-D-00049-000-00014_500dpi_line_47_pos_18_ILC r.png,Caslon,10_Small_Pica
PR-BROADSIDES-D-00049-000-00014_500dpi_line_47_pos_7_ILC r.png,Caslon,10_Small_Pica
PR-BROADSIDES-D-00049-000-00014_500dpi_line_48_pos_13_ILC r.png,Caslon,10_Small_Pica
PR-BROADSIDES-D-00049-000-00014_500dpi_line_48_pos_4_ILC r.png,Caslon,10_Small_Pica
PR-BROADSIDES-D-00049-000-00014_500dpi_line_49_pos_11_ILC r.png,Caslon,10_Small_Pica
PR-BROADSIDES-D-00049-000-00014_500dpi_line_49_pos_9_ILC r.png,Caslon,10_Small_Pica
PR-BROADSIDES-D-00049-000-00014_500dpi_line_51_pos_16_ILC r.png,Caslon,10_Small_Pica
PR-BROADSIDES-D-00049-000-00014_500dpi_line_51_pos_38_ILC r.png,Caslon,10_Small_Pica
PR-BROADSIDES-D-00049-000-00014_500dpi_line_51_pos_39_ILC r.png,Caslon,10_Small_Pica
PR-BROADSIDES-D-00049-000-00014_500dpi_line_52_pos_27_ILC r.png,Caslon,10_Small_Pica
PR-BROADSIDES-D-00049-000-00014_500dpi_line_52_pos_30_ILC r.png,Caslon,10_Small_Pica
PR-BROADSIDES-D-00049-000-00014_500dpi_line_53_pos_20_ILC r.png,Caslon,10_Small_Pica
PR-BROADSIDES-D-00049-000-00014_500dpi_line_55_pos_2_ILC r.png,Caslon,10_Small_Pica
PR-BROADSIDES-D-00049-000-00014_500dpi_line_55_pos_22_ILC r.png,Caslon,10_Small_Pica
PR-BROADSIDES-D-00049-000-00014_500dpi_line_55_pos_6_ILC r.png,Caslon,10_Small_Pica
PR-BROADSIDES-D-00049-000-00015_500dpi_line_101_pos_3_ILC r.png,Caslon,10_Small_Pica
PR-BROADSIDES-D-00049-000-00015_500dpi_line_101_pos_9_ILC r.png,Caslon,10_Small_Pica
PR-BROADSIDES-D-00049-000-00015_500dpi_line_102_pos_14_ILC r.png,Caslon,10_Small_Pica
PR-BROADSIDES-D-00049-000-00015_500dpi_line_102_pos_25_ILC r.png,Caslon,10_Small_Pica
PR-BROADSIDES-D-00049-000-00015_500dpi_line_102_pos_27_ILC r.png,Caslon,10_Small_Pica
PR-BROADSIDES-D-00049-000-00015_500dpi_line_102_pos_36_ILC r.png,Caslon,10_Small_Pica
PR-BROADSIDES-D-00049-000-00015_500dpi_line_103_pos_11_ILC r.png,Caslon,10_Small_Pica
PR-BROADSIDES-D-00049-000-00015_500dpi_line_103_pos_13_ILC r.png,Caslon,10_Small_Pica
PR-BROADSIDES-D-00049-000-00015_500dpi_line_103_pos_38_ILC r.png,Caslon,10_Small_Pica
PR-BROADSIDES-D-00049-000-00015_500dpi_line_106_pos_17_ILC r.png,Caslon,10_Small_Pica
PR-BROADSIDES-D-00049-000-00015_500dpi_line_106_pos_23_ILC r.png,Caslon,10_Small_Pica
PR-BROADSIDES-D-00049-000-00015_500dpi_line_106_pos_36_ILC r.png,Caslon,10_Small_Pica
PR-BROADSIDES-D-00049-000-00015_500dpi_line_106_pos_37_ILC r.png,Caslon,10_Small_Pica
PR-BROADSIDES-D-00049-000-00015_500dpi_line_109_pos_33_ILC r.png,Caslon,10_Small_Pica
PR-BROADSIDES-D-00049-000-00015_500dpi_line_109_pos_41_ILC r.png,Caslon,10_Small_Pica
PR-BROADSIDES-D-00049-000-00015_500dpi_line_109_pos_45_ILC r.png,Caslon,10_Small_Pica
PR-BROADSIDES-D-00049-000-00015_500dpi_line_112_pos_37_ILC r.png,Caslon,10_Small_Pica
PR-BROADSIDES-D-00049-000-00015_500dpi_line_112_pos_42_ILC r.png,Caslon,10_Small_Pica
PR-BROADSIDES-D-00049-000-00015_500dpi_line_115_pos_2_ILC r.png,Caslon,10_Small_Pica
PR-BROADSIDES-D-00049-000-00015_500dpi_line_115_pos_26_ILC r.png,Caslon,10_Small_Pica
PR-BROADSIDES-D-00049-000-00015_500dpi_line_115_pos_37_ILC r.png,Caslon,10_Small_Pica
PR-BROADSIDES-D-00049-000-00015_500dpi_line_115_pos_48_ILC r.png,Caslon,10_Small_Pica
PR-BROADSIDES-D-00049-000-00015_500dpi_line_115_pos_7_ILC r.png,Caslon,10_Small_Pica
PR-BROADSIDES-D-00049-000-00015_500dpi_line_64_pos_31_ILC r.png,Caslon,10_Small_Pica
PR-BROADSIDES-D-00049-000-00015_500dpi_line_64_pos_57_ILC r.png,Caslon,10_Small_Pica
PR-BROADSIDES-D-00049-000-00015_500dpi_line_68_pos_14_ILC r.png,Caslon,10_Small_Pica
PR-BROADSIDES-D-00049-000-00015_500dpi_line_68_pos_16_ILC r.png,Caslon,10_Small_Pica
PR-BROADSIDES-D-00049-000-00015_500dpi_line_68_pos_55_ILC r.png,Caslon,10_Small_Pica
PR-BROADSIDES-D-00049-000-00015_500dpi_line_70_pos_36_ILC r.png,Caslon,10_Small_Pica
PR-BROADSIDES-D-00049-000-00015_500dpi_line_70_pos_43_ILC r.png,Caslon,10_Small_Pica
PR-BROADSIDES-D-00049-000-00015_500dpi_line_74_pos_32_ILC r.png,Caslon,10_Small_Pica
PR-BROADSIDES-D-00049-000-00015_500dpi_line_74_pos_61_ILC r.png,Caslon,10_Small_Pica
PR-BROADSIDES-D-00049-000-00015_500dpi_line_76_pos_63_ILC r.png,Caslon,10_Small_Pica
PR-BROADSIDES-D-00049-000-00015_500dpi_line_76_pos_67_ILC r.png,Caslon,10_Small_Pica
PR-BROADSIDES-D-00049-000-00015_500dpi_line_80_pos_18_ILC r.png,Caslon,10_Small_Pica
PR-BROADSIDES-D-00049-000-00015_500dpi_line_80_pos_30_ILC r.png,Caslon,10_Small_Pica
PR-BROADSIDES-D-00049-000-00015_500dpi_line_80_pos_60_ILC r.png,Caslon,10_Small_Pica
PR-BROADSIDES-D-00049-000-00015_500dpi_line_83_pos_42_ILC r.png,Caslon,10_Small_Pica
PR-BROADSIDES-D-00049-000-00015_500dpi_line_83_pos_50_ILC r.png,Caslon,10_Small_Pica
PR-BROADSIDES-D-00049-000-00015_500dpi_line_84_pos_12_ILC r.png,Caslon,10_Small_Pica
PR-BROADSIDES-D-00049-000-00015_500dpi_line_84_pos_29_ILC r.png,Caslon,10_Small_Pica
PR-BROADSIDES-D-00049-000-00015_500dpi_line_84_pos_32_ILC r.png,Caslon,10_Small_Pica
PR-BROADSIDES-D-00049-000-00015_500dpi_line_84_pos_41_ILC r.png,Caslon,10_Small_Pica
PR-BROADSIDES-D-00049-000-00015_500dpi_line_84_pos_51_ILC r.png,Caslon,10_Small_Pica
PR-BROADSIDES-D-00049-000-00015_500dpi_line_88_pos_11_ILC r.png,Caslon,10_Small_Pica
PR-BROADSIDES-D-00049-000-00015_500dpi_line_88_pos_32_ILC r.png,Caslon,10_Small_Pica
PR-BROADSIDES-D-00049-000-00015_500dpi_line_88_pos_45_ILC r.png,Caslon,10_Small_Pica
PR-BROADSIDES-D-00049-000-00015_500dpi_line_88_pos_53_ILC r.png,Caslon,10_Small_Pica
PR-BROADSIDES-D-00049-000-00015_500dpi_line_88_pos_55_ILC r.png,Caslon,10_Small_Pica
PR-BROADSIDES-D-00049-000-00015_500dpi_line_88_pos_58_ILC r.png,Caslon,10_Small_Pica
PR-BROADSIDES-D-00049-000-00015_500dpi_line_90_pos_14_ILC r.png,Caslon,10_Small_Pica
PR-BROADSIDES-D-00049-000-00015_500dpi_line_90_pos_19_ILC r.png,Caslon,10_Small_Pica
PR-BROADSIDES-D-00049-000-00015_500dpi_line_90_pos_2_ILC r.png,Caslon,10_Small_Pica
PR-BROADSIDES-D-00049-000-00015_500dpi_line_90_pos_4_ILC r.png,Caslon,10_Small_Pica
PR-BROADSIDES-D-00049-000-00015_500dpi_line_92_pos_29_ILC r.png,Caslon,10_Small_Pica
PR-BROADSIDES-D-00049-000-00015_500dpi_line_96_pos_17_ILC r.png,Caslon,10_Small_Pica
PR-BROADSIDES-D-00049-000-00016_500dpi_line_100_pos_10_ILC r.png,Caslon,09_Long_Primer
PR-BROADSIDES-D-00049-000-00016_500dpi_line_100_pos_39_ILC r.png,Caslon,09_Long_Primer
PR-BROADSIDES-D-00049-000-00016_500dpi_line_104_pos_25_ILC r.png,Caslon,09_Long_Primer
PR-BROADSIDES-D-00049-000-00016_500dpi_line_104_pos_46_ILC r.png,Caslon,09_Long_Primer
PR-BROADSIDES-D-00049-000-00016_500dpi_line_109_pos_55_ILC r.png,Caslon,09_Long_Primer
PR-BROADSIDES-D-00049-000-00016_500dpi_line_115_pos_14_ILC r.png,Caslon,09_Long_Primer
PR-BROADSIDES-D-00049-000-00016_500dpi_line_115_pos_46_ILC r.png,Caslon,09_Long_Primer
PR-BROADSIDES-D-00049-000-00016_500dpi_line_115_pos_6_ILC r.png,Caslon,09_Long_Primer
PR-BROADSIDES-D-00049-000-00016_500dpi_line_115_pos_65_ILC r.png,Caslon,09_Long_Primer
PR-BROADSIDES-D-00049-000-00016_500dpi_line_115_pos_68_ILC r.png,Caslon,09_Long_Primer
PR-BROADSIDES-D-00049-000-00016_500dpi_line_118_pos_22_ILC r.png,Caslon,09_Long_Primer
PR-BROADSIDES-D-00049-000-00016_500dpi_line_118_pos_63_ILC r.png,Caslon,09_Long_Primer
PR-BROADSIDES-D-00049-000-00016_500dpi_line_123_pos_15_ILC r.png,Caslon,09_Long_Primer
PR-BROADSIDES-D-00049-000-00016_500dpi_line_123_pos_18_ILC r.png,Caslon,09_Long_Primer
PR-BROADSIDES-D-00049-000-00016_500dpi_line_123_pos_21_ILC r.png,Caslon,09_Long_Primer
PR-BROADSIDES-D-00049-000-00016_500dpi_line_123_pos_26_ILC r.png,Caslon,09_Long_Primer
PR-BROADSIDES-D-00049-000-00016_500dpi_line_123_pos_28_ILC r.png,Caslon,09_Long_Primer
PR-BROADSIDES-D-00049-000-00016_500dpi_line_123_pos_39_ILC r.png,Caslon,09_Long_Primer
PR-BROADSIDES-D-00049-000-00016_500dpi_line_123_pos_48_ILC r.png,Caslon,09_Long_Primer
PR-BROADSIDES-D-00049-000-00016_500dpi_line_123_pos_5_ILC r.png,Caslon,09_Long_Primer
PR-BROADSIDES-D-00049-000-00016_500dpi_line_126_pos_47_ILC r.png,Caslon,09_Long_Primer
PR-BROADSIDES-D-00049-000-00016_500dpi_line_135_pos_22_ILC r.png,Caslon,09_Long_Primer
PR-BROADSIDES-D-00049-000-00016_500dpi_line_135_pos_40_ILC r.png,Caslon,09_Long_Primer
PR-BROADSIDES-D-00049-000-00016_500dpi_line_135_pos_44_ILC r.png,Caslon,09_Long_Primer
PR-BROADSIDES-D-00049-000-00016_500dpi_line_135_pos_58_ILC r.png,Caslon,09_Long_Primer
PR-BROADSIDES-D-00049-000-00016_500dpi_line_135_pos_60_ILC r.png,Caslon,09_Long_Primer
PR-BROADSIDES-D-00049-000-00016_500dpi_line_84_pos_12_ILC r.png,Caslon,09_Long_Primer
PR-BROADSIDES-D-00049-000-00016_500dpi_line_84_pos_8_ILC r.png,Caslon,09_Long_Primer
PR-BROADSIDES-D-00049-000-00016_500dpi_line_88_pos_24_ILC r.png,Caslon,09_Long_Primer
PR-BROADSIDES-D-00049-000-00016_500dpi_line_88_pos_49_ILC r.png,Caslon,09_Long_Primer
PR-BROADSIDES-D-00049-000-00016_500dpi_line_94_pos_7_ILC r.png,Caslon,09_Long_Primer
PR-BROADSIDES-D-00049-000-00016_500dpi_line_94_pos_9_ILC r.png,Caslon,09_Long_Primer
PR-BROADSIDES-D-00049-000-00016_500dpi_line_96_pos_25_ILC r.png,Caslon,09_Long_Primer
PR-BROADSIDES-D-00049-000-00016_500dpi_line_96_pos_32_ILC r.png,Caslon,09_Long_Primer
PR-BROADSIDES-D-00049-000-00016_500dpi_line_96_pos_56_ILC r.png,Caslon,09_Long_Primer
PR-BROADSIDES-D-00049-000-00017_500dpi_line_1_pos_13_ILC r.png,Caslon,09_Long_Primer
PR-BROADSIDES-D-00049-000-00017_500dpi_line_1_pos_57_ILC r.png,Caslon,09_Long_Primer
PR-BROADSIDES-D-00049-000-00017_500dpi_line_1_pos_6_ILC r.png,Caslon,09_Long_Primer
PR-BROADSIDES-D-00049-000-00017_500dpi_line_1_pos_60_ILC r.png,Caslon,09_Long_Primer
PR-BROADSIDES-D-00049-000-00017_500dpi_line_45_pos_21_ILC r.png,Caslon,09_Long_Primer
PR-BROADSIDES-D-00049-000-00017_500dpi_line_45_pos_45_ILC r.png,Caslon,09_Long_Primer
PR-BROADSIDES-D-00049-000-00017_500dpi_line_50_pos_42_ILC r.png,Caslon,09_Long_Primer
PR-BROADSIDES-D-00049-000-00017_500dpi_line_50_pos_7_ILC r.png,Caslon,09_Long_Primer
PR-BROADSIDES-D-00049-000-00017_500dpi_line_50_pos_9_ILC r.png,Caslon,09_Long_Primer
PR-BROADSIDES-D-00049-000-00017_500dpi_line_53_pos_21_ILC r.png,Caslon,09_Long_Primer
PR-BROADSIDES-D-00049-000-00017_500dpi_line_53_pos_26_ILC r.png,Caslon,09_Long_Primer
PR-BROADSIDES-D-00049-000-00017_500dpi_line_53_pos_49_ILC r.png,Caslon,09_Long_Primer
PR-BROADSIDES-D-00049-000-00017_500dpi_line_60_pos_11_ILC r.png,Caslon,09_Long_Primer
PR-BROADSIDES-D-00049-000-00017_500dpi_line_60_pos_38_ILC r.png,Caslon,09_Long_Primer
PR-BROADSIDES-D-00049-000-00017_500dpi_line_63_pos_32_ILC r.png,Caslon,09_Long_Primer
PR-BROADSIDES-D-00049-000-00017_500dpi_line_63_pos_37_ILC r.png,Caslon,09_Long_Primer
PR-BROADSIDES-D-00049-000-00017_500dpi_line_64_pos_5_ILC r.png,Caslon,09_Long_Primer
PR-BROADSIDES-D-00049-000-00017_500dpi_line_66_pos_1_ILC r.png,Caslon,09_Long_Primer
PR-BROADSIDES-D-00049-000-00017_500dpi_line_66_pos_30_ILC r.png,Caslon,09_Long_Primer
PR-BROADSIDES-D-00049-000-00017_500dpi_line_66_pos_51_ILC r.png,Caslon,09_Long_Primer
PR-BROADSIDES-D-00049-000-00017_500dpi_line_73_pos_10_ILC r.png,Caslon,09_Long_Primer
PR-BROADSIDES-D-00049-000-00017_500dpi_line_73_pos_20_ILC r.png,Caslon,09_Long_Primer
PR-BROADSIDES-D-00049-000-00017_500dpi_line_73_pos_37_ILC r.png,Caslon,09_Long_Primer
PR-BROADSIDES-D-00049-000-00017_500dpi_line_73_pos_59_ILC r.png,Caslon,09_Long_Primer
PR-BROADSIDES-D-00049-000-00017_500dpi_line_76_pos_13_ILC r.png,Caslon,09_Long_Primer
PR-BROADSIDES-D-00049-000-00017_500dpi_line_76_pos_15_ILC r.png,Caslon,09_Long_Primer
PR-BROADSIDES-D-00049-000-00017_500dpi_line_76_pos_18_ILC r.png,Caslon,09_Long_Primer
PR-BROADSIDES-D-00049-000-00017_500dpi_line_76_pos_22_ILC r.png,Caslon,09_Long_Primer
PR-BROADSIDES-D-00049-000-00017_500dpi_line_76_pos_37_ILC r.png,Caslon,09_Long_Primer
PR-BROADSIDES-D-00049-000-00017_500dpi_line_76_pos_5_ILC r.png,Caslon,09_Long_Primer
PR-BROADSIDES-D-00049-000-00017_500dpi_line_79_pos_50_ILC r.png,Caslon,09_Long_Primer
PR-BROADSIDES-D-00049-000-00017_500dpi_line_90_pos_28_ILC r.png,Caslon,09_Long_Primer
PR-BROADSIDES-D-00049-000-00017_500dpi_line_90_pos_32_ILC r.png,Caslon,09_Long_Primer
PR-BROADSIDES-D-00049-000-00017_500dpi_line_90_pos_45_ILC r.png,Caslon,09_Long_Primer
PR-BROADSIDES-D-00049-000-00017_500dpi_line_90_pos_47_ILC r.png,Caslon,09_Long_Primer
PR-BROADSIDES-D-00049-000-00018_500dpi_line_116_pos_25_ILC r.png,Caslon,08.5_Burgeois
PR-BROADSIDES-D-00049-000-00018_500dpi_line_116_pos_49_ILC r.png,Caslon,08.5_Burgeois
PR-BROADSIDES-D-00049-000-00018_500dpi_line_120_pos_39_ILC r.png,Caslon,08.5_Burgeois
PR-BROADSIDES-D-00049-000-00018_500dpi_line_120_pos_5_ILC r.png,Caslon,08.5_Burgeois
PR-BROADSIDES-D-00049-000-00018_500dpi_line_123_pos_17_ILC r.png,Caslon,08.5_Burgeois
PR-BROADSIDES-D-00049-000-00018_500dpi_line_123_pos_43_ILC r.png,Caslon,08.5_Burgeois
PR-BROADSIDES-D-00049-000-00018_500dpi_line_123_pos_66_ILC r.png,Caslon,08.5_Burgeois
PR-BROADSIDES-D-00049-000-00018_500dpi_line_130_pos_31_ILC r.png,Caslon,08.5_Burgeois
PR-BROADSIDES-D-00049-000-00018_500dpi_line_133_pos_20_ILC r.png,Caslon,08.5_Burgeois
PR-BROADSIDES-D-00049-000-00018_500dpi_line_133_pos_25_ILC r.png,Caslon,08.5_Burgeois
PR-BROADSIDES-D-00049-000-00018_500dpi_line_133_pos_41_ILC r.png,Caslon,08.5_Burgeois
PR-BROADSIDES-D-00049-000-00018_500dpi_line_133_pos_56_ILC r.png,Caslon,08.5_Burgeois
PR-BROADSIDES-D-00049-000-00018_500dpi_line_137_pos_12_ILC r.png,Caslon,08.5_Burgeois
PR-BROADSIDES-D-00049-000-00018_500dpi_line_137_pos_33_ILC r.png,Caslon,08.5_Burgeois
PR-BROADSIDES-D-00049-000-00018_500dpi_line_137_pos_55_ILC r.png,Caslon,08.5_Burgeois
PR-BROADSIDES-D-00049-000-00018_500dpi_line_137_pos_63_ILC r.png,Caslon,08.5_Burgeois
PR-BROADSIDES-D-00049-000-00018_500dpi_line_144_pos_37_ILC r.png,Caslon,08.5_Burgeois
PR-BROADSIDES-D-00049-000-00018_500dpi_line_144_pos_40_ILC r.png,Caslon,08.5_Burgeois
PR-BROADSIDES-D-00049-000-00018_500dpi_line_144_pos_61_ILC r.png,Caslon,08.5_Burgeois
PR-BROADSIDES-D-00049-000-00018_500dpi_line_148_pos_15_ILC r.png,Caslon,08.5_Burgeois
PR-BROADSIDES-D-00049-000-00018_500dpi_line_148_pos_38_ILC r.png,Caslon,08.5_Burgeois
PR-BROADSIDES-D-00049-000-00018_500dpi_line_148_pos_48_ILC r.png,Caslon,08.5_Burgeois
PR-BROADSIDES-D-00049-000-00018_500dpi_line_148_pos_56_ILC r.png,Caslon,08.5_Burgeois
PR-BROADSIDES-D-00049-000-00018_500dpi_line_148_pos_58_ILC r.png,Caslon,08.5_Burgeois
PR-BROADSIDES-D-00049-000-00018_500dpi_line_148_pos_61_ILC r.png,Caslon,08.5_Burgeois
PR-BROADSIDES-D-00049-000-00018_500dpi_line_148_pos_65_ILC r.png,Caslon,08.5_Burgeois
PR-BROADSIDES-D-00049-000-00018_500dpi_line_152_pos_10_ILC r.png,Caslon,08.5_Burgeois
PR-BROADSIDES-D-00049-000-00018_500dpi_line_159_pos_19_ILC r.png,Caslon,08.5_Burgeois
PR-BROADSIDES-D-00049-000-00018_500dpi_line_159_pos_64_ILC r.png,Caslon,08.5_Burgeois
PR-BROADSIDES-D-00049-000-00018_500dpi_line_163_pos_55_ILC r.png,Caslon,08.5_Burgeois
PR-BROADSIDES-D-00049-000-00018_500dpi_line_169_pos_11_ILC r.png,Caslon,08.5_Burgeois
PR-BROADSIDES-D-00049-000-00018_500dpi_line_169_pos_24_ILC r.png,Caslon,08.5_Burgeois
PR-BROADSIDES-D-00049-000-00018_500dpi_line_169_pos_26_ILC r.png,Caslon,08.5_Burgeois
PR-BROADSIDES-D-00049-000-00018_500dpi_line_169_pos_40_ILC r.png,Caslon,08.5_Burgeois
PR-BROADSIDES-D-00049-000-00018_500dpi_line_169_pos_53_ILC r.png,Caslon,08.5_Burgeois
PR-BROADSIDES-D-00049-000-00018_500dpi_line_169_pos_55_ILC r.png,Caslon,08.5_Burgeois
PR-BROADSIDES-D-00049-000-00018_500dpi_line_169_pos_7_ILC r.png,Caslon,08.5_Burgeois
PR-BROADSIDES-D-00049-000-00018_500dpi_line_172_pos_13_ILC r.png,Caslon,08.5_Burgeois
PR-BROADSIDES-D-00049-000-00018_500dpi_line_172_pos_55_ILC r.png,Caslon,08.5_Burgeois
PR-BROADSIDES-D-00049-000-00019_500dpi_line_101_pos_1_ILC r.png,Caslon,08_Brevier
PR-BROADSIDES-D-00049-000-00019_500dpi_line_101_pos_29_ILC r.png,Caslon,08_Brevier
PR-BROADSIDES-D-00049-000-00019_500dpi_line_101_pos_46_ILC r.png,Caslon,08_Brevier
PR-BROADSIDES-D-00049-000-00019_500dpi_line_101_pos_49_ILC r.png,Caslon,08_Brevier
PR-BROADSIDES-D-00049-000-00019_500dpi_line_101_pos_58_ILC r.png,Caslon,08_Brevier
PR-BROADSIDES-D-00049-000-00019_500dpi_line_104_pos_11_ILC r.png,Caslon,08_Brevier
PR-BROADSIDES-D-00049-000-00019_500dpi_line_104_pos_32_ILC r.png,Caslon,08_Brevier
PR-BROADSIDES-D-00049-000-00019_500dpi_line_104_pos_43_ILC r.png,Caslon,08_Brevier
PR-BROADSIDES-D-00049-000-00019_500dpi_line_104_pos_50_ILC r.png,Caslon,08_Brevier
PR-BROADSIDES-D-00049-000-00019_500dpi_line_104_pos_56_ILC r.png,Caslon,08_Brevier
PR-BROADSIDES-D-00049-000-00019_500dpi_line_104_pos_60_ILC r.png,Caslon,08_Brevier
PR-BROADSIDES-D-00049-000-00019_500dpi_line_104_pos_75_ILC r.png,Caslon,08_Brevier
PR-BROADSIDES-D-00049-000-00019_500dpi_line_108_pos_3_ILC r.png,Caslon,08_Brevier
PR-BROADSIDES-D-00049-000-00019_500dpi_line_113_pos_13_ILC r.png,Caslon,08_Brevier
PR-BROADSIDES-D-00049-000-00019_500dpi_line_113_pos_27_ILC r.png,Caslon,08_Brevier
PR-BROADSIDES-D-00049-000-00019_500dpi_line_113_pos_28_ILC r.png,Caslon,08_Brevier
PR-BROADSIDES-D-00049-000-00019_500dpi_line_113_pos_32_ILC r.png,Caslon,08_Brevier
PR-BROADSIDES-D-00049-000-00019_500dpi_line_113_pos_45_ILC r.png,Caslon,08_Brevier
PR-BROADSIDES-D-00049-000-00019_500dpi_line_113_pos_61_ILC r.png,Caslon,08_Brevier
PR-BROADSIDES-D-00049-000-00019_500dpi_line_116_pos_24_ILC r.png,Caslon,08_Brevier
PR-BROADSIDES-D-00049-000-00019_500dpi_line_116_pos_3_ILC r.png,Caslon,08_Brevier
PR-BROADSIDES-D-00049-000-00019_500dpi_line_116_pos_63_ILC r.png,Caslon,08_Brevier
PR-BROADSIDES-D-00049-000-00019_500dpi_line_116_pos_74_ILC r.png,Caslon,08_Brevier
PR-BROADSIDES-D-00049-000-00019_500dpi_line_120_pos_17_ILC r.png,Caslon,08_Brevier
PR-BROADSIDES-D-00049-000-00019_500dpi_line_120_pos_18_ILC r.png,Caslon,08_Brevier
PR-BROADSIDES-D-00049-000-00019_500dpi_line_120_pos_73_ILC r.png,Caslon,08_Brevier
PR-BROADSIDES-D-00049-000-00019_500dpi_line_122_pos_3_ILC r.png,Caslon,08_Brevier
PR-BROADSIDES-D-00049-000-00019_500dpi_line_122_pos_45_ILC r.png,Caslon,08_Brevier
PR-BROADSIDES-D-00049-000-00019_500dpi_line_122_pos_51_ILC r.png,Caslon,08_Brevier
PR-BROADSIDES-D-00049-000-00019_500dpi_line_122_pos_73_ILC r.png,Caslon,08_Brevier
PR-BROADSIDES-D-00049-000-00019_500dpi_line_125_pos_14_ILC r.png,Caslon,08_Brevier
PR-BROADSIDES-D-00049-000-00019_500dpi_line_125_pos_25_ILC r.png,Caslon,08_Brevier
PR-BROADSIDES-D-00049-000-00019_500dpi_line_125_pos_37_ILC r.png,Caslon,08_Brevier
PR-BROADSIDES-D-00049-000-00019_500dpi_line_125_pos_68_ILC r.png,Caslon,08_Brevier
PR-BROADSIDES-D-00049-000-00019_500dpi_line_125_pos_69_ILC r.png,Caslon,08_Brevier
PR-BROADSIDES-D-00049-000-00019_500dpi_line_128_pos_19_ILC r.png,Caslon,08_Brevier
PR-BROADSIDES-D-00049-000-00019_500dpi_line_128_pos_43_ILC r.png,Caslon,08_Brevier
PR-BROADSIDES-D-00049-000-00019_500dpi_line_128_pos_46_ILC r.png,Caslon,08_Brevier
PR-BROADSIDES-D-00049-000-00019_500dpi_line_128_pos_74_ILC r.png,Caslon,08_Brevier
PR-BROADSIDES-D-00049-000-00019_500dpi_line_130_pos_15_ILC r.png,Caslon,08_Brevier
PR-BROADSIDES-D-00049-000-00019_500dpi_line_130_pos_3_ILC r.png,Caslon,08_Brevier
PR-BROADSIDES-D-00049-000-00019_500dpi_line_130_pos_44_ILC r.png,Caslon,08_Brevier
PR-BROADSIDES-D-00049-000-00019_500dpi_line_78_pos_9_ILC r.png,Caslon,08_Brevier
PR-BROADSIDES-D-00049-000-00019_500dpi_line_81_pos_21_ILC r.png,Caslon,08_Brevier
PR-BROADSIDES-D-00049-000-00019_500dpi_line_81_pos_48_ILC r.png,Caslon,08_Brevier
PR-BROADSIDES-D-00049-000-00019_500dpi_line_81_pos_73_ILC r.png,Caslon,08_Brevier
PR-BROADSIDES-D-00049-000-00019_500dpi_line_81_pos_75_ILC r.png,Caslon,08_Brevier
PR-BROADSIDES-D-00049-000-00019_500dpi_line_85_pos_27_ILC r.png,Caslon,08_Brevier
PR-BROADSIDES-D-00049-000-00019_500dpi_line_85_pos_64_ILC r.png,Caslon,08_Brevier
PR-BROADSIDES-D-00049-000-00019_500dpi_line_85_pos_70_ILC r.png,Caslon,08_Brevier
PR-BROADSIDES-D-00049-000-00019_500dpi_line_88_pos_19_ILC r.png,Caslon,08_Brevier
PR-BROADSIDES-D-00049-000-00019_500dpi_line_88_pos_41_ILC r.png,Caslon,08_Brevier
PR-BROADSIDES-D-00049-000-00019_500dpi_line_88_pos_67_ILC r.png,Caslon,08_Brevier
PR-BROADSIDES-D-00049-000-00019_500dpi_line_94_pos_50_ILC r.png,Caslon,08_Brevier
PR-BROADSIDES-D-00049-000-00019_500dpi_line_94_pos_55_ILC r.png,Caslon,08_Brevier
PR-BROADSIDES-D-00049-000-00019_500dpi_line_94_pos_72_ILC r.png,Caslon,08_Brevier
PR-BROADSIDES-D-00049-000-00019_500dpi_line_97_pos_37_ILC r.png,Caslon,08_Brevier
PR-BROADSIDES-D-00049-000-00019_500dpi_line_97_pos_5_ILC r.png,Caslon,08_Brevier
PR-BROADSIDES-D-00049-000-00019_500dpi_line_97_pos_53_ILC r.png,Caslon,08_Brevier
PR-BROADSIDES-D-00049-000-00019_500dpi_line_97_pos_74_ILC r.png,Caslon,08_Brevier
PR-BROADSIDES-D-00049-000-00020_500dpi_line_1_pos_54_ILC r.png,Caslon,?06_Nonpareil
PR-BROADSIDES-D-00049-000-00020_500dpi_line_1_pos_66_ILC r.png,Caslon,?06_Nonpareil
PR-BROADSIDES-D-00049-000-00020_500dpi_line_1_pos_79_ILC r.png,Caslon,?06_Nonpareil
PR-BROADSIDES-D-00049-000-00020_500dpi_line_104_pos_45_ILC r.png,Caslon,06_Nonpareil
PR-BROADSIDES-D-00049-000-00020_500dpi_line_104_pos_72_ILC r.png,Caslon,06_Nonpareil
PR-BROADSIDES-D-00049-000-00020_500dpi_line_105_pos_63_ILC r.png,Caslon,06_Nonpareil
PR-BROADSIDES-D-00049-000-00020_500dpi_line_105_pos_84_ILC r.png,Caslon,06_Nonpareil
PR-BROADSIDES-D-00049-000-00020_500dpi_line_108_pos_63_ILC r.png,Caslon,06_Nonpareil
PR-BROADSIDES-D-00049-000-00020_500dpi_line_108_pos_70_ILC r.png,Caslon,06_Nonpareil
PR-BROADSIDES-D-00049-000-00020_500dpi_line_111_pos_57_ILC r.png,Caslon,06_Nonpareil
PR-BROADSIDES-D-00049-000-00020_500dpi_line_111_pos_76_ILC r.png,Caslon,06_Nonpareil
PR-BROADSIDES-D-00049-000-00020_500dpi_line_116_pos_51_ILC r.png,Caslon,06_Nonpareil
PR-BROADSIDES-D-00049-000-00020_500dpi_line_116_pos_69_ILC r.png,Caslon,06_Nonpareil
PR-BROADSIDES-D-00049-000-00020_500dpi_line_122_pos_40_ILC r.png,Caslon,06_Nonpareil
PR-BROADSIDES-D-00049-000-00020_500dpi_line_122_pos_51_ILC r.png,Caslon,06_Nonpareil
PR-BROADSIDES-D-00049-000-00020_500dpi_line_128_pos_29_ILC r.png,Caslon,06_Nonpareil
PR-BROADSIDES-D-00049-000-00020_500dpi_line_130_pos_65_ILC r.png,Caslon,06_Nonpareil
PR-BROADSIDES-D-00049-000-00020_500dpi_line_133_pos_37_ILC r.png,Caslon,06_Nonpareil
PR-BROADSIDES-D-00049-000-00020_500dpi_line_133_pos_64_ILC r.png,Caslon,06_Nonpareil
PR-BROADSIDES-D-00049-000-00020_500dpi_line_138_pos_51_ILC r.png,Caslon,06_Nonpareil
PR-BROADSIDES-D-00049-000-00020_500dpi_line_142_pos_47_ILC r.png,Caslon,06_Nonpareil
PR-BROADSIDES-D-00049-000-00020_500dpi_line_142_pos_54_ILC r.png,Caslon,06_Nonpareil
PR-BROADSIDES-D-00049-000-00020_500dpi_line_142_pos_80_ILC r.png,Caslon,06_Nonpareil
PR-BROADSIDES-D-00049-000-00020_500dpi_line_146_pos_53_ILC r.png,Caslon,06_Nonpareil
PR-BROADSIDES-D-00049-000-00020_500dpi_line_146_pos_81_ILC r.png,Caslon,06_Nonpareil
PR-BROADSIDES-D-00049-000-00020_500dpi_line_151_pos_44_ILC r.png,Caslon,06_Nonpareil
PR-BROADSIDES-D-00049-000-00020_500dpi_line_151_pos_73_ILC r.png,Caslon,06_Nonpareil
PR-BROADSIDES-D-00049-000-00020_500dpi_line_152_pos_54_ILC r.png,Caslon,06_Nonpareil
PR-BROADSIDES-D-00049-000-00020_500dpi_line_152_pos_75_ILC r.png,Caslon,06_Nonpareil
PR-BROADSIDES-D-00049-000-00020_500dpi_line_157_pos_54_ILC r.png,Caslon,06_Nonpareil
PR-BROADSIDES-D-00049-000-00020_500dpi_line_160_pos_42_ILC r.png,Caslon,06_Nonpareil
PR-BROADSIDES-D-00049-000-00020_500dpi_line_160_pos_62_ILC r.png,Caslon,06_Nonpareil
PR-BROADSIDES-D-00049-000-00020_500dpi_line_160_pos_73_ILC r.png,Caslon,06_Nonpareil
PR-BROADSIDES-D-00049-000-00020_500dpi_line_160_pos_83_ILC r.png,Caslon,06_Nonpareil
PR-BROADSIDES-D-00049-000-00020_500dpi_line_163_pos_49_ILC r.png,Caslon,06_Nonpareil
PR-BROADSIDES-D-00049-000-00020_500dpi_line_163_pos_68_ILC r.png,Caslon,06_Nonpareil
PR-BROADSIDES-D-00049-000-00020_500dpi_line_166_pos_55_ILC r.png,Caslon,06_Nonpareil
PR-BROADSIDES-D-00049-000-00020_500dpi_line_166_pos_58_ILC r.png,Caslon,06_Nonpareil
PR-BROADSIDES-D-00049-000-00020_500dpi_line_166_pos_62_ILC r.png,Caslon,06_Nonpareil
PR-BROADSIDES-D-00049-000-00020_500dpi_line_166_pos_64_ILC r.png,Caslon,06_Nonpareil
PR-BROADSIDES-D-00049-000-00020_500dpi_line_166_pos_76_ILC r.png,Caslon,06_Nonpareil
PR-BROADSIDES-D-00049-000-00020_500dpi_line_166_pos_83_ILC r.png,Caslon,06_Nonpareil
PR-BROADSIDES-D-00049-000-00020_500dpi_line_171_pos_47_ILC r.png,Caslon,06_Nonpareil
PR-BROADSIDES-D-00049-000-00020_500dpi_line_177_pos_17_ILC r.png,Caslon,?_Pearl
PR-BROADSIDES-D-00049-000-00020_500dpi_line_187_pos_60_ILC r.png,Caslon,?_Pearl
PR-BROADSIDES-D-00049-000-00020_500dpi_line_187_pos_66_ILC r.png,Caslon,?_Pearl
PR-BROADSIDES-D-00049-000-00020_500dpi_line_189_pos_67_ILC r.png,Caslon,?_Pearl
PR-BROADSIDES-D-00049-000-00020_500dpi_line_189_pos_94_ILC r.png,Caslon,?_Pearl
PR-BROADSIDES-D-00049-000-00020_500dpi_line_193_pos_60_ILC r.png,Caslon,?_Pearl
PR-BROADSIDES-D-00049-000-00020_500dpi_line_193_pos_64_ILC r.png,Caslon,?_Pearl
PR-BROADSIDES-D-00049-000-00020_500dpi_line_195_pos_71_ILC r.png,Caslon,?_Pearl
PR-BROADSIDES-D-00049-000-00020_500dpi_line_196_pos_48_ILC r.png,Caslon,?_Pearl
PR-BROADSIDES-D-00049-000-00020_500dpi_line_196_pos_67_ILC r.png,Caslon,?_Pearl
PR-BROADSIDES-D-00049-000-00020_500dpi_line_196_pos_74_ILC r.png,Caslon,?_Pearl
PR-BROADSIDES-D-00049-000-00020_500dpi_line_198_pos_50_ILC r.png,Caslon,?_Pearl
PR-BROADSIDES-D-00049-000-00020_500dpi_line_198_pos_66_ILC r.png,Caslon,?_Pearl
PR-BROADSIDES-D-00049-000-00020_500dpi_line_198_pos_69_ILC r.png,Caslon,?_Pearl
PR-BROADSIDES-D-00049-000-00020_500dpi_line_198_pos_82_ILC r.png,Caslon,?_Pearl
PR-BROADSIDES-D-00049-000-00020_500dpi_line_202_pos_52_ILC r.png,Caslon,?_Pearl
PR-BROADSIDES-D-00049-000-00020_500dpi_line_202_pos_69_ILC r.png,Caslon,?_Pearl
PR-BROADSIDES-D-00049-000-00020_500dpi_line_202_pos_93_ILC r.png,Caslon,?_Pearl
PR-BROADSIDES-D-00049-000-00020_500dpi_line_77_pos_65_ILC r.png,Caslon,06_Nonpareil
PR-BROADSIDES-D-00049-000-00020_500dpi_line_94_pos_59_ILC r.png,Caslon,06_Nonpareil
PR-BROADSIDES-D-00049-000-00020_500dpi_line_94_pos_84_ILC r.png,Caslon,06_Nonpareil
PR-BROADSIDES-D-00049-000-00020_500dpi_line_97_pos_70_ILC r.png,Caslon,06_Nonpareil
PR-BROXBOURNE-B-00052-000-00001_500dpi_1sthalf_line_10_pos_30_ILC r.png,Baskerville,?_size1
PR-BROXBOURNE-B-00052-000-00001_500dpi_1sthalf_line_10_pos_33_ILC r.png,Baskerville,?_size1
PR-BROXBOURNE-B-00052-000-00001_500dpi_1sthalf_line_10_pos_47_ILC r.png,Baskerville,?_size1
PR-BROXBOURNE-B-00052-000-00001_500dpi_1sthalf_line_12_pos_32_ILC r.png,Baskerville,?_size1
PR-BROXBOURNE-B-00052-000-00001_500dpi_1sthalf_line_12_pos_54_ILC r.png,Baskerville,?_size1
PR-BROXBOURNE-B-00052-000-00001_500dpi_1sthalf_line_13_pos_37_ILC r.png,Baskerville,?_size1
PR-BROXBOURNE-B-00052-000-00001_500dpi_1sthalf_line_13_pos_43_ILC r.png,Baskerville,?_size1
PR-BROXBOURNE-B-00052-000-00001_500dpi_1sthalf_line_16_pos_29_ILC r.png,Baskerville,?_size1
PR-BROXBOURNE-B-00052-000-00001_500dpi_1sthalf_line_16_pos_49_ILC r.png,Baskerville,?_size1
PR-BROXBOURNE-B-00052-000-00001_500dpi_1sthalf_line_16_pos_54_ILC r.png,Baskerville,?_size1
PR-BROXBOURNE-B-00052-000-00001_500dpi_1sthalf_line_19_pos_36_ILC r.png,Baskerville,?_size1
PR-BROXBOURNE-B-00052-000-00001_500dpi_1sthalf_line_19_pos_39_ILC r.png,Baskerville,?_size1
PR-BROXBOURNE-B-00052-000-00001_500dpi_1sthalf_line_19_pos_51_ILC r.png,Baskerville,?_size1
PR-BROXBOURNE-B-00052-000-00001_500dpi_1sthalf_line_21_pos_20_ILC r.png,Baskerville,?_size1
PR-BROXBOURNE-B-00052-000-00001_500dpi_1sthalf_line_21_pos_32_ILC r.png,Baskerville,?_size1
PR-BROXBOURNE-B-00052-000-00001_500dpi_1sthalf_line_21_pos_41_ILC r.png,Baskerville,?_size1
PR-BROXBOURNE-B-00052-000-00001_500dpi_1sthalf_line_4_pos_19_ILC r.png,Baskerville,?_size1
PR-BROXBOURNE-B-00052-000-00001_500dpi_1sthalf_line_6_pos_43_ILC r.png,Baskerville,?_size1
PR-BROXBOURNE-B-00052-000-00001_500dpi_1sthalf_line_8_pos_22_ILC r.png,Baskerville,?_size1
PR-BROXBOURNE-B-00052-000-00001_500dpi_1sthalf_line_8_pos_32_ILC r.png,Baskerville,?_size1
PR-BROXBOURNE-B-00052-000-00001_500dpi_2ndhalf_line_1_pos_56_ILC r.png,Baskerville,?_size3
PR-BROXBOURNE-B-00052-000-00001_500dpi_2ndhalf_line_1_pos_62_ILC r.png,Baskerville,?_size3
PR-BROXBOURNE-B-00052-000-00001_500dpi_2ndhalf_line_10_pos_35_ILC r.png,Baskerville,?_size3
PR-BROXBOURNE-B-00052-000-00001_500dpi_2ndhalf_line_10_pos_37_ILC r.png,Baskerville,?_size3
PR-BROXBOURNE-B-00052-000-00001_500dpi_2ndhalf_line_10_pos_44_ILC r.png,Baskerville,?_size3
PR-BROXBOURNE-B-00052-000-00001_500dpi_2ndhalf_line_12_pos_46_ILC r.png,Baskerville,?_size3
PR-BROXBOURNE-B-00052-000-00001_500dpi_2ndhalf_line_12_pos_55_ILC r.png,Baskerville,?_size3
PR-BROXBOURNE-B-00052-000-00001_500dpi_2ndhalf_line_12_pos_75_ILC r.png,Baskerville,?_size3
PR-BROXBOURNE-B-00052-000-00001_500dpi_2ndhalf_line_14_pos_4_ILC r.png,Baskerville,?_size3
PR-BROXBOURNE-B-00052-000-00001_500dpi_2ndhalf_line_16_pos_53_ILC r.png,Baskerville,?_size3
PR-BROXBOURNE-B-00052-000-00001_500dpi_2ndhalf_line_16_pos_57_ILC r.png,Baskerville,?_size3
PR-BROXBOURNE-B-00052-000-00001_500dpi_2ndhalf_line_22_pos_10_ILC r.png,Baskerville,?_size3
PR-BROXBOURNE-B-00052-000-00001_500dpi_2ndhalf_line_22_pos_26_ILC r.png,Baskerville,?_size3
PR-BROXBOURNE-B-00052-000-00001_500dpi_2ndhalf_line_24_pos_53_ILC r.png,Baskerville,?_size3
PR-BROXBOURNE-B-00052-000-00001_500dpi_2ndhalf_line_24_pos_60_ILC r.png,Baskerville,?_size3
PR-BROXBOURNE-B-00052-000-00001_500dpi_2ndhalf_line_24_pos_74_ILC r.png,Baskerville,?_size3
PR-BROXBOURNE-B-00052-000-00001_500dpi_2ndhalf_line_28_pos_14_ILC r.png,Baskerville,?_size3
PR-BROXBOURNE-B-00052-000-00001_500dpi_2ndhalf_line_28_pos_15_ILC r.png,Baskerville,?_size3
PR-BROXBOURNE-B-00052-000-00001_500dpi_2ndhalf_line_3_pos_11_ILC r.png,Baskerville,?_size3
PR-BROXBOURNE-B-00052-000-00001_500dpi_2ndhalf_line_31_pos_17_ILC r.png,Baskerville,?_size3
PR-BROXBOURNE-B-00052-000-00001_500dpi_2ndhalf_line_31_pos_7_ILC r.png,Baskerville,?_size3
PR-BROXBOURNE-B-00052-000-00001_500dpi_2ndhalf_line_4_pos_51_ILC r.png,Baskerville,?_size3
PR-BROXBOURNE-B-00052-000-00001_500dpi_2ndhalf_line_6_pos_4_ILC r.png,Baskerville,?_size3
